Ageclass_0-9_var,Ageclass_10-19_var,Ageclass_20-29_var,Ageclass_30-39_var,Ageclass_40-49_var,Ageclass_50-59_var,Ageclass_60-69_var,Ageclass_70-79_var,Ageclass_80-89_var,Ageclass_90-99_var,Ageclass_0-9_mean,Ageclass_10-19_mean,Ageclass_20-29_mean,Ageclass_30-39_mean,Ageclass_40-49_mean,Ageclass_50-59_mean,Ageclass_60-69_mean,Ageclass_70-79_mean,Ageclass_80-89_mean,Ageclass_90-99_mean,day
998437.8333333345,9303150.17777778,10071045.655555515,33400619.28888889,58039755.822222255,689744167.4333338,3224552042.2777767,6732812822.933349,3979778956.899995,157286028.62222207,21541.5,113802.2,149512.9,138069.8,255369.4,843805.1,1683965.5,2372506.6,1886413.3,355252.8,1
