ageclass_0_9_var,ageclass_10_19_var,ageclass_20_29_var,ageclass_30_39_var,ageclass_40_49_var,ageclass_50_59_var,ageclass_60_69_var,ageclass_70_79_var,ageclass_80_89_var,ageclass_90_99_var,ageclass_0_9_mean,ageclass_10_19_mean,ageclass_20_29_mean,ageclass_30_39_mean,ageclass_40_49_mean,ageclass_50_59_mean,ageclass_60_69_mean,ageclass_70_79_mean,ageclass_80_89_mean,ageclass_90_99_mean,day
259706.93333333317,4409513.955555548,2490897.333333338,6221996.26666666,32484620.544444356,198764454.84444463,1142839977.877779,1643915144.1,917406177.0666672,30223303.777777776,20654.4,152011.2,197083.0,179418.4,348235.9,1192110.2,2394637.1,3386363.1,2681184.2,506363.0,0
259706.93333333317,4409513.955555548,2490897.333333338,6221996.26666666,32484620.544444356,198764454.84444463,1142839977.877779,1643915144.1,917406177.0666672,30223303.777777776,20654.4,152011.2,197083.0,179418.4,348235.9,1192110.2,2394637.1,3386363.1,2681184.2,506363.0,1
