ageclass_0_9_var,ageclass_10_19_var,ageclass_20_29_var,ageclass_30_39_var,ageclass_40_49_var,ageclass_50_59_var,ageclass_60_69_var,ageclass_70_79_var,ageclass_80_89_var,ageclass_90_99_var,ageclass_0_9_mean,ageclass_10_19_mean,ageclass_20_29_mean,ageclass_30_39_mean,ageclass_40_49_mean,ageclass_50_59_mean,ageclass_60_69_mean,ageclass_70_79_mean,ageclass_80_89_mean,ageclass_90_99_mean,day
539306.2333333334,6323609.87777776,6005841.877777774,6022170.400000055,46600139.9555556,386920613.34444547,1693275030.94444,2857026733.6111126,1924360192.8999987,69831246.04444437,21678.3,141497.1,182895.1,169788.8,323635.2,1093645.3,2196134.5,3102199.5,2463429.3,465781.6,0
539306.2333333334,6323609.87777776,6005841.877777774,6022170.400000055,46600139.9555556,386920613.34444547,1693275030.94444,2857026733.6111126,1924360192.8999987,69831246.04444437,21678.3,141497.1,182895.1,169788.8,323635.2,1093645.3,2196134.5,3102199.5,2463429.3,465781.6,1
