ageclass_0_9_var,ageclass_10_19_var,ageclass_20_29_var,ageclass_30_39_var,ageclass_40_49_var,ageclass_50_59_var,ageclass_60_69_var,ageclass_70_79_var,ageclass_80_89_var,ageclass_90_99_var,ageclass_0_9_mean,ageclass_10_19_mean,ageclass_20_29_mean,ageclass_30_39_mean,ageclass_40_49_mean,ageclass_50_59_mean,ageclass_60_69_mean,ageclass_70_79_mean,ageclass_80_89_mean,ageclass_90_99_mean,day
1099181.611111111,4560406.544444435,21111088.844444465,6245563.600000003,23215080.544444486,352787926.677778,1655691552.4444435,2699820596.233332,1789645709.3888826,54965844.89999984,23438.5,125986.1,163609.8,153270.4,284144.1,949917.7,1901565.0,2676240.7,2127695.5,400224.3,0
1099181.611111111,4560406.544444435,21111088.844444465,6245563.600000003,23215080.544444486,352787926.677778,1655691552.4444435,2699820596.233332,1789645709.3888826,54965844.89999984,23438.5,125986.1,163609.8,153270.4,284144.1,949917.7,1901565.0,2676240.7,2127695.5,400224.3,1
