Ageclass_0-9_var,Ageclass_10-19_var,Ageclass_20-29_var,Ageclass_30-39_var,Ageclass_40-49_var,Ageclass_50-59_var,Ageclass_60-69_var,Ageclass_70-79_var,Ageclass_80-89_var,Ageclass_90-99_var,Ageclass_0-9_mean,Ageclass_10-19_mean,Ageclass_20-29_mean,Ageclass_30-39_mean,Ageclass_40-49_mean,Ageclass_50-59_mean,Ageclass_60-69_mean,Ageclass_70-79_mean,Ageclass_80-89_mean,Ageclass_90-99_mean,day
334770.3999999998,8020440.766666647,6291225.777777782,6267538.900000009,17496223.83333335,196792559.37777758,524736017.1555564,1146555723.2111087,484759657.82221824,37273785.655555554,20570.8,136824.9,180459.0,169204.3,318574.5,1076086.6,2165260.4,3069575.1,2422874.6,458563.1,1
