ageclass_0_9_var,ageclass_10_19_var,ageclass_20_29_var,ageclass_30_39_var,ageclass_40_49_var,ageclass_50_59_var,ageclass_60_69_var,ageclass_70_79_var,ageclass_80_89_var,ageclass_90_99_var,ageclass_0_9_mean,ageclass_10_19_mean,ageclass_20_29_mean,ageclass_30_39_mean,ageclass_40_49_mean,ageclass_50_59_mean,ageclass_60_69_mean,ageclass_70_79_mean,ageclass_80_89_mean,ageclass_90_99_mean,day
1685252.9888888905,12944200.677777793,4499094.4,5645362.099999998,12678327.77777777,188307813.77777776,526120636.48888916,783007723.56666,552040250.6777717,24734985.733333305,21194.9,151529.3,196864.8,181530.1,348707.0,1192257.0,2405836.4,3397510.3,2688328.7,507964.8,0
1685252.9888888905,12944200.677777793,4499094.4,5645362.099999998,12678327.77777777,188307813.77777776,526120636.48888916,783007723.56666,552040250.6777717,24734985.733333305,21194.9,151529.3,196864.8,181530.1,348707.0,1192257.0,2405836.4,3397510.3,2688328.7,507964.8,1
