Ageclass_0-9_var,Ageclass_10-19_var,Ageclass_20-29_var,Ageclass_30-39_var,Ageclass_40-49_var,Ageclass_50-59_var,Ageclass_60-69_var,Ageclass_70-79_var,Ageclass_80-89_var,Ageclass_90-99_var,Ageclass_0-9_mean,Ageclass_10-19_mean,Ageclass_20-29_mean,Ageclass_30-39_mean,Ageclass_40-49_mean,Ageclass_50-59_mean,Ageclass_60-69_mean,Ageclass_70-79_mean,Ageclass_80-89_mean,Ageclass_90-99_mean,day
488592.94444444485,3570500.233333333,1431381.1222222252,4944814.933333289,20842984.98888887,49112712.84444465,282166155.7888877,634456646.0444455,374926375.1666677,19830706.711111113,21592.5,142061.7,183629.7,170557.4,326417.1,1101124.2,2214099.3,3130787.6,2480016.5,467671.4,1
