ageclass_0_9_var,ageclass_10_19_var,ageclass_20_29_var,ageclass_30_39_var,ageclass_40_49_var,ageclass_50_59_var,ageclass_60_69_var,ageclass_70_79_var,ageclass_80_89_var,ageclass_90_99_var,ageclass_0_9_mean,ageclass_10_19_mean,ageclass_20_29_mean,ageclass_30_39_mean,ageclass_40_49_mean,ageclass_50_59_mean,ageclass_60_69_mean,ageclass_70_79_mean,ageclass_80_89_mean,ageclass_90_99_mean,day
348638.9888888893,2184782.9333333303,2623940.2666666517,4966970.044444443,18274741.566666562,100828417.12222211,517127152.8444447,755037326.399999,492200182.0000004,24919976.499999996,24675.1,139629.4,179701.6,165120.4,313005.7,1044597.3,2097023.8,2961317.8,2349483.0,443022.5,0
348638.9888888893,2184782.9333333303,2623940.2666666517,4966970.044444443,18274741.566666562,100828417.12222211,517127152.8444447,755037326.399999,492200182.0000004,24919976.499999996,24675.1,139629.4,179701.6,165120.4,313005.7,1044597.3,2097023.8,2961317.8,2349483.0,443022.5,1
