Ageclass_0-9_var,Ageclass_10-19_var,Ageclass_20-29_var,Ageclass_30-39_var,Ageclass_40-49_var,Ageclass_50-59_var,Ageclass_60-69_var,Ageclass_70-79_var,Ageclass_80-89_var,Ageclass_90-99_var,Ageclass_0-9_mean,Ageclass_10-19_mean,Ageclass_20-29_mean,Ageclass_30-39_mean,Ageclass_40-49_mean,Ageclass_50-59_mean,Ageclass_60-69_mean,Ageclass_70-79_mean,Ageclass_80-89_mean,Ageclass_90-99_mean,day
595642.8999999993,14569774.23333335,4798058.5,11751663.155555557,36455432.900000006,99715744.90000038,407467474.2333329,997050386.1777831,572347308.1777805,45474718.7111111,22120.7,148561.3,193857.5,176140.6,341509.7,1159840.3,2325000.7,3290838.2,2607446.2,493053.6,1
