ageclass_0_9_var,ageclass_10_19_var,ageclass_20_29_var,ageclass_30_39_var,ageclass_40_49_var,ageclass_50_59_var,ageclass_60_69_var,ageclass_70_79_var,ageclass_80_89_var,ageclass_90_99_var,ageclass_0_9_mean,ageclass_10_19_mean,ageclass_20_29_mean,ageclass_30_39_mean,ageclass_40_49_mean,ageclass_50_59_mean,ageclass_60_69_mean,ageclass_70_79_mean,ageclass_80_89_mean,ageclass_90_99_mean,day
675089.7333333332,9723023.388888884,13982644.22222222,15761186.844444457,56435066.48888887,265106019.12222236,1100908433.7888887,2658277690.5444465,1316644618.9444456,62601176.01111107,23982.8,130865.5,168545.0,155568.2,292721.4,977644.7,1950525.3,2755493.9,2184710.5,411600.7,0
675089.7333333332,9723023.388888884,13982644.22222222,15761186.844444457,56435066.48888887,265106019.12222236,1100908433.7888887,2658277690.5444465,1316644618.9444456,62601176.01111107,23982.8,130865.5,168545.0,155568.2,292721.4,977644.7,1950525.3,2755493.9,2184710.5,411600.7,1
