ageclass_0_9_var,ageclass_10_19_var,ageclass_20_29_var,ageclass_30_39_var,ageclass_40_49_var,ageclass_50_59_var,ageclass_60_69_var,ageclass_70_79_var,ageclass_80_89_var,ageclass_90_99_var,ageclass_0_9_mean,ageclass_10_19_mean,ageclass_20_29_mean,ageclass_30_39_mean,ageclass_40_49_mean,ageclass_50_59_mean,ageclass_60_69_mean,ageclass_70_79_mean,ageclass_80_89_mean,ageclass_90_99_mean,day
1603144.000000001,5843103.288888886,11090799.822222212,14480738.76666666,49066946.05555561,378659105.6000003,1417426449.8777797,2847493622.766666,1899887699.3444428,71575826.93333326,21588.0,152418.8,197851.4,181508.1,348434.5,1183594.4,2382895.1,3369253.1,2664994.7,502739.4,0
1603144.000000001,5843103.288888886,11090799.822222212,14480738.76666666,49066946.05555561,378659105.6000003,1417426449.8777797,2847493622.766666,1899887699.3444428,71575826.93333326,21588.0,152418.8,197851.4,181508.1,348434.5,1183594.4,2382895.1,3369253.1,2664994.7,502739.4,1
