ageclass_0_9_var,ageclass_10_19_var,ageclass_20_29_var,ageclass_30_39_var,ageclass_40_49_var,ageclass_50_59_var,ageclass_60_69_var,ageclass_70_79_var,ageclass_80_89_var,ageclass_90_99_var,ageclass_0_9_mean,ageclass_10_19_mean,ageclass_20_29_mean,ageclass_30_39_mean,ageclass_40_49_mean,ageclass_50_59_mean,ageclass_60_69_mean,ageclass_70_79_mean,ageclass_80_89_mean,ageclass_90_99_mean,day
2500872.444444445,5025098.944444449,13806453.12222219,13098592.622222215,30466491.566666655,179061080.90000036,1205222901.7333384,2538594063.12221,1565987542.5444422,60215699.73333342,22733.0,123320.5,159684.3,148921.8,276913.3,931110.7,1864041.2,2627789.3,2078682.9,391973.2,0
2500872.444444445,5025098.944444449,13806453.12222219,13098592.622222215,30466491.566666655,179061080.90000036,1205222901.7333384,2538594063.12221,1565987542.5444422,60215699.73333342,22733.0,123320.5,159684.3,148921.8,276913.3,931110.7,1864041.2,2627789.3,2078682.9,391973.2,1
