ageclass_0_9_var,ageclass_10_19_var,ageclass_20_29_var,ageclass_30_39_var,ageclass_40_49_var,ageclass_50_59_var,ageclass_60_69_var,ageclass_70_79_var,ageclass_80_89_var,ageclass_90_99_var,ageclass_0_9_mean,ageclass_10_19_mean,ageclass_20_29_mean,ageclass_30_39_mean,ageclass_40_49_mean,ageclass_50_59_mean,ageclass_60_69_mean,ageclass_70_79_mean,ageclass_80_89_mean,ageclass_90_99_mean,day
1360798.2777777775,6965186.277777779,11614051.59999999,7306929.344444447,29656525.066666722,269466186.0444447,693069804.7666677,2587830931.211113,1553589374.1777759,41963064.844444424,25298.5,129026.5,165522.6,154102.3,286598.2,951215.6,1903481.1,2691537.9,2137414.2,401498.8,0
1360798.2777777775,6965186.277777779,11614051.59999999,7306929.344444447,29656525.066666722,269466186.0444447,693069804.7666677,2587830931.211113,1553589374.1777759,41963064.844444424,25298.5,129026.5,165522.6,154102.3,286598.2,951215.6,1903481.1,2691537.9,2137414.2,401498.8,1
