ageclass_0_9_var,ageclass_10_19_var,ageclass_20_29_var,ageclass_30_39_var,ageclass_40_49_var,ageclass_50_59_var,ageclass_60_69_var,ageclass_70_79_var,ageclass_80_89_var,ageclass_90_99_var,ageclass_0_9_mean,ageclass_10_19_mean,ageclass_20_29_mean,ageclass_30_39_mean,ageclass_40_49_mean,ageclass_50_59_mean,ageclass_60_69_mean,ageclass_70_79_mean,ageclass_80_89_mean,ageclass_90_99_mean,day
709058.1777777773,4981150.711111105,21564658.455555536,9531060.722222216,48186739.56666674,424268398.93333334,1266854977.4333332,3161678392.622221,1880268915.1555579,68527848.9888888,24262.2,125492.6,159872.7,149957.5,279777.3,929104.6,1863161.1,2626606.2,2091545.4,393076.1,0
709058.1777777773,4981150.711111105,21564658.455555536,9531060.722222216,48186739.56666674,424268398.93333334,1266854977.4333332,3161678392.622221,1880268915.1555579,68527848.9888888,24262.2,125492.6,159872.7,149957.5,279777.3,929104.6,1863161.1,2626606.2,2091545.4,393076.1,1
