Ageclass_0-9_var,Ageclass_10-19_var,Ageclass_20-29_var,Ageclass_30-39_var,Ageclass_40-49_var,Ageclass_50-59_var,Ageclass_60-69_var,Ageclass_70-79_var,Ageclass_80-89_var,Ageclass_90-99_var,Ageclass_0-9_mean,Ageclass_10-19_mean,Ageclass_20-29_mean,Ageclass_30-39_mean,Ageclass_40-49_mean,Ageclass_50-59_mean,Ageclass_60-69_mean,Ageclass_70-79_mean,Ageclass_80-89_mean,Ageclass_90-99_mean,day
1546525.2888888887,7740563.511111121,17390728.71111112,12783537.155555557,44585591.8222221,467610400.7666664,1757036239.9555583,2504115462.322232,1677544494.011096,44478270.0444444,21962.8,133633.8,175194.4,163951.4,309737.6,1041519.9,2090873.8,2947899.9,2342028.7,440431.4,1
