ageclass_0_9_var,ageclass_10_19_var,ageclass_20_29_var,ageclass_30_39_var,ageclass_40_49_var,ageclass_50_59_var,ageclass_60_69_var,ageclass_70_79_var,ageclass_80_89_var,ageclass_90_99_var,ageclass_0_9_mean,ageclass_10_19_mean,ageclass_20_29_mean,ageclass_30_39_mean,ageclass_40_49_mean,ageclass_50_59_mean,ageclass_60_69_mean,ageclass_70_79_mean,ageclass_80_89_mean,ageclass_90_99_mean,day
137533.87777777773,9587013.34444444,20539359.11111109,14856776.488888878,39154465.99999991,414126602.8888887,1462133302.0444446,2808923082.2333317,2048455403.1555545,45773682.2333333,21431.1,126758.7,164113.0,152642.4,288343.0,959405.0,1924420.4,2711569.3,2154407.4,405865.7,0
137533.87777777773,9587013.34444444,20539359.11111109,14856776.488888878,39154465.99999991,414126602.8888887,1462133302.0444446,2808923082.2333317,2048455403.1555545,45773682.2333333,21431.1,126758.7,164113.0,152642.4,288343.0,959405.0,1924420.4,2711569.3,2154407.4,405865.7,1
