Ageclass_0-9_var,Ageclass_10-19_var,Ageclass_20-29_var,Ageclass_30-39_var,Ageclass_40-49_var,Ageclass_50-59_var,Ageclass_60-69_var,Ageclass_70-79_var,Ageclass_80-89_var,Ageclass_90-99_var,Ageclass_0-9_mean,Ageclass_10-19_mean,Ageclass_20-29_mean,Ageclass_30-39_mean,Ageclass_40-49_mean,Ageclass_50-59_mean,Ageclass_60-69_mean,Ageclass_70-79_mean,Ageclass_80-89_mean,Ageclass_90-99_mean,day
685508.3222222229,5112293.56666666,13169214.66666669,4469303.877777796,37746841.21111111,335745198.1777779,1429679812.5000002,3038038233.1666627,1701608727.0666704,100525237.6111112,21971.1,135073.3,173435.0,160809.1,304550.9,1024736.8,2060775.5,2908923.5,2311674.2,435833.5,1
