ageclass_0_9_var,ageclass_10_19_var,ageclass_20_29_var,ageclass_30_39_var,ageclass_40_49_var,ageclass_50_59_var,ageclass_60_69_var,ageclass_70_79_var,ageclass_80_89_var,ageclass_90_99_var,ageclass_0_9_mean,ageclass_10_19_mean,ageclass_20_29_mean,ageclass_30_39_mean,ageclass_40_49_mean,ageclass_50_59_mean,ageclass_60_69_mean,ageclass_70_79_mean,ageclass_80_89_mean,ageclass_90_99_mean,day
1212525.2888888887,3667463.5111111035,3524635.777777771,6178439.555555556,7762397.111111131,164487645.0666675,718744815.566667,1214517275.5111113,959862611.4333333,61406445.433333315,24592.8,137925.8,179445.0,163107.0,312309.0,1041189.2,2086200.7,2940973.8,2334990.9,439990.1,0
1212525.2888888887,3667463.5111111035,3524635.777777771,6178439.555555556,7762397.111111131,164487645.0666675,718744815.566667,1214517275.5111113,959862611.4333333,61406445.433333315,24592.8,137925.8,179445.0,163107.0,312309.0,1041189.2,2086200.7,2940973.8,2334990.9,439990.1,1
