ageclass_0_9_var,ageclass_10_19_var,ageclass_20_29_var,ageclass_30_39_var,ageclass_40_49_var,ageclass_50_59_var,ageclass_60_69_var,ageclass_70_79_var,ageclass_80_89_var,ageclass_90_99_var,ageclass_0_9_mean,ageclass_10_19_mean,ageclass_20_29_mean,ageclass_30_39_mean,ageclass_40_49_mean,ageclass_50_59_mean,ageclass_60_69_mean,ageclass_70_79_mean,ageclass_80_89_mean,ageclass_90_99_mean,day
275102.05555555556,21827904.17777775,35672444.26666671,24157177.155555572,69935433.82222208,1168779422.544441,4848237968.011109,9826798713.211119,6162784109.388887,192419071.06666607,25461.5,106140.2,136973.4,126873.4,230482.4,750249.9,1487931.7,2083029.1,1661700.5,309874.8,0
275102.05555555556,21827904.17777775,35672444.26666671,24157177.155555572,69935433.82222208,1168779422.544441,4848237968.011109,9826798713.211119,6162784109.388887,192419071.06666607,25461.5,106140.2,136973.4,126873.4,230482.4,750249.9,1487931.7,2083029.1,1661700.5,309874.8,1
