Ageclass_0-9_var,Ageclass_10-19_var,Ageclass_20-29_var,Ageclass_30-39_var,Ageclass_40-49_var,Ageclass_50-59_var,Ageclass_60-69_var,Ageclass_70-79_var,Ageclass_80-89_var,Ageclass_90-99_var,Ageclass_0-9_mean,Ageclass_10-19_mean,Ageclass_20-29_mean,Ageclass_30-39_mean,Ageclass_40-49_mean,Ageclass_50-59_mean,Ageclass_60-69_mean,Ageclass_70-79_mean,Ageclass_80-89_mean,Ageclass_90-99_mean,day
1607848.6222222222,11763803.4333334,17176312.444444403,20680690.988888845,76082701.06666675,755812935.1222224,3302911639.788901,5751481608.488885,3802453511.377778,124068540.98888843,22219.2,113064.1,146654.0,137501.1,251694.8,838557.3,1672801.7,2359675.4,1876388.6,351973.1,1
