ageclass_0_9_var,ageclass_10_19_var,ageclass_20_29_var,ageclass_30_39_var,ageclass_40_49_var,ageclass_50_59_var,ageclass_60_69_var,ageclass_70_79_var,ageclass_80_89_var,ageclass_90_99_var,ageclass_0_9_mean,ageclass_10_19_mean,ageclass_20_29_mean,ageclass_30_39_mean,ageclass_40_49_mean,ageclass_50_59_mean,ageclass_60_69_mean,ageclass_70_79_mean,ageclass_80_89_mean,ageclass_90_99_mean,day
1232009.3444444435,7945062.988888894,8212971.655555557,6048864.011111099,23551138.766666725,165601929.78888863,973921158.8999999,1638546968.9333293,925637405.2888904,39977966.10000001,21437.7,146614.9,190064.1,175337.7,339724.1,1149600.7,2314231.7,3261513.4,2587781.8,485566.1,0
1232009.3444444435,7945062.988888894,8212971.655555557,6048864.011111099,23551138.766666725,165601929.78888863,973921158.8999999,1638546968.9333293,925637405.2888904,39977966.10000001,21437.7,146614.9,190064.1,175337.7,339724.1,1149600.7,2314231.7,3261513.4,2587781.8,485566.1,1
