Ageclass_0-9_var,Ageclass_10-19_var,Ageclass_20-29_var,Ageclass_30-39_var,Ageclass_40-49_var,Ageclass_50-59_var,Ageclass_60-69_var,Ageclass_70-79_var,Ageclass_80-89_var,Ageclass_90-99_var,Ageclass_0-9_mean,Ageclass_10-19_mean,Ageclass_20-29_mean,Ageclass_30-39_mean,Ageclass_40-49_mean,Ageclass_50-59_mean,Ageclass_60-69_mean,Ageclass_70-79_mean,Ageclass_80-89_mean,Ageclass_90-99_mean,day
693561.8222222223,6422670.455555586,23110255.155555565,21846680.499999996,82510196.26666662,1138559411.5999994,4331473493.4333315,7754587503.155557,5408711993.122219,166083889.38888896,22271.4,100346.3,129152.4,122287.5,222888.6,728537.4,1445302.1,2032623.4,1625188.7,303091.5,1
