Ageclass_0-9_var,Ageclass_10-19_var,Ageclass_20-29_var,Ageclass_30-39_var,Ageclass_40-49_var,Ageclass_50-59_var,Ageclass_60-69_var,Ageclass_70-79_var,Ageclass_80-89_var,Ageclass_90-99_var,Ageclass_0-9_mean,Ageclass_10-19_mean,Ageclass_20-29_mean,Ageclass_30-39_mean,Ageclass_40-49_mean,Ageclass_50-59_mean,Ageclass_60-69_mean,Ageclass_70-79_mean,Ageclass_80-89_mean,Ageclass_90-99_mean,day
692305.3444444446,16932061.8777778,17789232.9,18509359.11111112,66012900.233333334,800363778.0111111,3374059461.1111116,6692801852.544445,4175706034.711111,145358599.51111093,23471.3,56348.1,70674.3,68630.0,109296.3,321566.7,618906.0,852777.9,682601.4,127161.8,1
