ageclass_0_9_var,ageclass_10_19_var,ageclass_20_29_var,ageclass_30_39_var,ageclass_40_49_var,ageclass_50_59_var,ageclass_60_69_var,ageclass_70_79_var,ageclass_80_89_var,ageclass_90_99_var,ageclass_0_9_mean,ageclass_10_19_mean,ageclass_20_29_mean,ageclass_30_39_mean,ageclass_40_49_mean,ageclass_50_59_mean,ageclass_60_69_mean,ageclass_70_79_mean,ageclass_80_89_mean,ageclass_90_99_mean,day
829973.877777778,6740338.544444446,8664702.944444438,12981517.877777813,67030876.711111106,527381757.51111126,1909771652.0111105,4172757146.2222238,2576053378.055555,95554464.76666686,24502.1,105619.9,136070.5,128097.9,232613.6,765165.8,1522336.7,2143039.0,1698351.5,318771.1,0
829973.877777778,6740338.544444446,8664702.944444438,12981517.877777813,67030876.711111106,527381757.51111126,1909771652.0111105,4172757146.2222238,2576053378.055555,95554464.76666686,24502.1,105619.9,136070.5,128097.9,232613.6,765165.8,1522336.7,2143039.0,1698351.5,318771.1,1
