ageclass_0_9_var,ageclass_10_19_var,ageclass_20_29_var,ageclass_30_39_var,ageclass_40_49_var,ageclass_50_59_var,ageclass_60_69_var,ageclass_70_79_var,ageclass_80_89_var,ageclass_90_99_var,ageclass_0_9_mean,ageclass_10_19_mean,ageclass_20_29_mean,ageclass_30_39_mean,ageclass_40_49_mean,ageclass_50_59_mean,ageclass_60_69_mean,ageclass_70_79_mean,ageclass_80_89_mean,ageclass_90_99_mean,day
660613.7888888889,9522546.711111117,13382253.733333336,11574245.06666667,52110958.00000003,646745634.6777778,2778949200.5444446,5658550108.677776,3733214488.9444413,87972624.40000007,23029.7,85968.4,110321.2,105154.8,185485.0,595452.7,1176524.9,1650555.7,1317658.5,245811.2,0
660613.7888888889,9522546.711111117,13382253.733333336,11574245.06666667,52110958.00000003,646745634.6777778,2778949200.5444446,5658550108.677776,3733214488.9444413,87972624.40000007,23029.7,85968.4,110321.2,105154.8,185485.0,595452.7,1176524.9,1650555.7,1317658.5,245811.2,1
