Ageclass_0-9_var,Ageclass_10-19_var,Ageclass_20-29_var,Ageclass_30-39_var,Ageclass_40-49_var,Ageclass_50-59_var,Ageclass_60-69_var,Ageclass_70-79_var,Ageclass_80-89_var,Ageclass_90-99_var,Ageclass_0-9_mean,Ageclass_10-19_mean,Ageclass_20-29_mean,Ageclass_30-39_mean,Ageclass_40-49_mean,Ageclass_50-59_mean,Ageclass_60-69_mean,Ageclass_70-79_mean,Ageclass_80-89_mean,Ageclass_90-99_mean,day
791145.3777777781,13248096.488888867,8719418.39999999,2930132.933333335,34376095.566666625,323890680.7666661,1316633443.3888905,2756583458.766672,1719871267.999998,34163716.00000009,21954.4,143227.6,184792.8,171926.6,326115.3,1109466.9,2221910.5,3146883.1,2492057.0,470589.0,1
