ageclass_0_9_var,ageclass_10_19_var,ageclass_20_29_var,ageclass_30_39_var,ageclass_40_49_var,ageclass_50_59_var,ageclass_60_69_var,ageclass_70_79_var,ageclass_80_89_var,ageclass_90_99_var,ageclass_0_9_mean,ageclass_10_19_mean,ageclass_20_29_mean,ageclass_30_39_mean,ageclass_40_49_mean,ageclass_50_59_mean,ageclass_60_69_mean,ageclass_70_79_mean,ageclass_80_89_mean,ageclass_90_99_mean,day
1356420.8999999973,6839324.988888888,7515512.233333332,6850331.1555555565,12692459.38888889,108498236.76666659,329918359.8777774,687928181.2888879,476405414.98888993,35696811.34444444,23786.3,133527.1,174325.3,161170.6,304434.5,1017725.9,2043378.9,2881978.2,2284835.9,430713.7,0
1356420.8999999973,6839324.988888888,7515512.233333332,6850331.1555555565,12692459.38888889,108498236.76666659,329918359.8777774,687928181.2888879,476405414.98888993,35696811.34444444,23786.3,133527.1,174325.3,161170.6,304434.5,1017725.9,2043378.9,2881978.2,2284835.9,430713.7,1
