ageclass_0_9_var,ageclass_10_19_var,ageclass_20_29_var,ageclass_30_39_var,ageclass_40_49_var,ageclass_50_59_var,ageclass_60_69_var,ageclass_70_79_var,ageclass_80_89_var,ageclass_90_99_var,ageclass_0_9_mean,ageclass_10_19_mean,ageclass_20_29_mean,ageclass_30_39_mean,ageclass_40_49_mean,ageclass_50_59_mean,ageclass_60_69_mean,ageclass_70_79_mean,ageclass_80_89_mean,ageclass_90_99_mean,day
1302694.2222222218,4741055.822222214,15357988.899999993,4717476.666666673,35285882.666666664,237523822.62222195,813251747.1222228,2086006669.8222253,1389786472.6666658,90410745.78888887,22060.0,132026.4,172909.7,161773.0,305457.0,1023843.2,2056532.7,2911175.4,2310509.0,435587.7,0
1302694.2222222218,4741055.822222214,15357988.899999993,4717476.666666673,35285882.666666664,237523822.62222195,813251747.1222228,2086006669.8222253,1389786472.6666658,90410745.78888887,22060.0,132026.4,172909.7,161773.0,305457.0,1023843.2,2056532.7,2911175.4,2310509.0,435587.7,1
