Ageclass_0-9_var,Ageclass_10-19_var,Ageclass_20-29_var,Ageclass_30-39_var,Ageclass_40-49_var,Ageclass_50-59_var,Ageclass_60-69_var,Ageclass_70-79_var,Ageclass_80-89_var,Ageclass_90-99_var,Ageclass_0-9_mean,Ageclass_10-19_mean,Ageclass_20-29_mean,Ageclass_30-39_mean,Ageclass_40-49_mean,Ageclass_50-59_mean,Ageclass_60-69_mean,Ageclass_70-79_mean,Ageclass_80-89_mean,Ageclass_90-99_mean,day
356382.17777777754,2084461.7333333301,12657739.655555569,8331036.544444438,22239392.711111143,185467440.2222215,725834460.8999972,1559845608.9333277,955495436.6777785,41116938.71111111,21462.2,145117.8,188684.9,174520.9,333654.4,1131002.0,2275941.3,3220806.4,2552562.3,480760.4,1
