ageclass_0_9_var,ageclass_10_19_var,ageclass_20_29_var,ageclass_30_39_var,ageclass_40_49_var,ageclass_50_59_var,ageclass_60_69_var,ageclass_70_79_var,ageclass_80_89_var,ageclass_90_99_var,ageclass_0_9_mean,ageclass_10_19_mean,ageclass_20_29_mean,ageclass_30_39_mean,ageclass_40_49_mean,ageclass_50_59_mean,ageclass_60_69_mean,ageclass_70_79_mean,ageclass_80_89_mean,ageclass_90_99_mean,day
693561.8222222223,6422670.455555586,23110255.155555565,21846680.499999996,82510196.26666662,1138559411.5999994,4331473493.4333315,7754587503.155557,5408711993.122219,166083889.38888896,22271.4,100346.3,129152.4,122287.5,222888.6,728537.4,1445302.1,2032623.4,1625188.7,303091.5,0
693561.8222222223,6422670.455555586,23110255.155555565,21846680.499999996,82510196.26666662,1138559411.5999994,4331473493.4333315,7754587503.155557,5408711993.122219,166083889.38888896,22271.4,100346.3,129152.4,122287.5,222888.6,728537.4,1445302.1,2032623.4,1625188.7,303091.5,1
