ageclass_0_9_var,ageclass_10_19_var,ageclass_20_29_var,ageclass_30_39_var,ageclass_40_49_var,ageclass_50_59_var,ageclass_60_69_var,ageclass_70_79_var,ageclass_80_89_var,ageclass_90_99_var,ageclass_0_9_mean,ageclass_10_19_mean,ageclass_20_29_mean,ageclass_30_39_mean,ageclass_40_49_mean,ageclass_50_59_mean,ageclass_60_69_mean,ageclass_70_79_mean,ageclass_80_89_mean,ageclass_90_99_mean,day
1776172.8444444435,3363766.2666666657,14062728.400000004,8300156.666666648,35150380.48888885,158353878.26666722,909366956.7666672,1111054310.0000026,1184171766.899996,64677888.17777775,22230.8,140085.4,181827.8,169059.0,319791.6,1087068.4,2180910.1,3081575.0,2442210.3,460766.2,0
1776172.8444444435,3363766.2666666657,14062728.400000004,8300156.666666648,35150380.48888885,158353878.26666722,909366956.7666672,1111054310.0000026,1184171766.899996,64677888.17777775,22230.8,140085.4,181827.8,169059.0,319791.6,1087068.4,2180910.1,3081575.0,2442210.3,460766.2,1
