ageclass_0_9_var,ageclass_10_19_var,ageclass_20_29_var,ageclass_30_39_var,ageclass_40_49_var,ageclass_50_59_var,ageclass_60_69_var,ageclass_70_79_var,ageclass_80_89_var,ageclass_90_99_var,ageclass_0_9_mean,ageclass_10_19_mean,ageclass_20_29_mean,ageclass_30_39_mean,ageclass_40_49_mean,ageclass_50_59_mean,ageclass_60_69_mean,ageclass_70_79_mean,ageclass_80_89_mean,ageclass_90_99_mean,day
420556.011111112,13817890.766666673,14029839.066666674,11013301.555555558,62017477.34444441,628090111.7333329,2535518381.2888894,5212230519.733333,3375383556.044446,129328649.43333332,22531.7,88383.1,114143.8,109057.0,192666.3,620306.2,1225432.8,1725530.8,1373042.6,256284.9,0
420556.011111112,13817890.766666673,14029839.066666674,11013301.555555558,62017477.34444441,628090111.7333329,2535518381.2888894,5212230519.733333,3375383556.044446,129328649.43333332,22531.7,88383.1,114143.8,109057.0,192666.3,620306.2,1225432.8,1725530.8,1373042.6,256284.9,1
