Ageclass_0-9_var,Ageclass_10-19_var,Ageclass_20-29_var,Ageclass_30-39_var,Ageclass_40-49_var,Ageclass_50-59_var,Ageclass_60-69_var,Ageclass_70-79_var,Ageclass_80-89_var,Ageclass_90-99_var,Ageclass_0-9_mean,Ageclass_10-19_mean,Ageclass_20-29_mean,Ageclass_30-39_mean,Ageclass_40-49_mean,Ageclass_50-59_mean,Ageclass_60-69_mean,Ageclass_70-79_mean,Ageclass_80-89_mean,Ageclass_90-99_mean,day
1047573.2111111105,11181248.499999993,16033616.933333341,12431183.555555576,31272417.566666644,312740496.8444443,963856502.8444453,1538000750.1777785,977032276.2666653,24027245.655555606,20687.1,133231.5,172084.4,161871.0,303443.3,1025560.2,2057462.2,2907749.2,2314777.4,434931.1,1
