ageclass_0_9_var,ageclass_10_19_var,ageclass_20_29_var,ageclass_30_39_var,ageclass_40_49_var,ageclass_50_59_var,ageclass_60_69_var,ageclass_70_79_var,ageclass_80_89_var,ageclass_90_99_var,ageclass_0_9_mean,ageclass_10_19_mean,ageclass_20_29_mean,ageclass_30_39_mean,ageclass_40_49_mean,ageclass_50_59_mean,ageclass_60_69_mean,ageclass_70_79_mean,ageclass_80_89_mean,ageclass_90_99_mean,day
568526.0111111102,7727936.622222179,4660814.400000002,8626364.266666742,34591267.111111075,325436940.9000005,1337288021.7888918,2448828949.877782,1338512281.5111132,77948081.15555565,20730.7,150092.8,193220.2,177851.4,344733.0,1168462.3,2353576.3,3328892.1,2634186.8,497880.6,0
568526.0111111102,7727936.622222179,4660814.400000002,8626364.266666742,34591267.111111075,325436940.9000005,1337288021.7888918,2448828949.877782,1338512281.5111132,77948081.15555565,20730.7,150092.8,193220.2,177851.4,344733.0,1168462.3,2353576.3,3328892.1,2634186.8,497880.6,1
