Ageclass_0-9_var,Ageclass_10-19_var,Ageclass_20-29_var,Ageclass_30-39_var,Ageclass_40-49_var,Ageclass_50-59_var,Ageclass_60-69_var,Ageclass_70-79_var,Ageclass_80-89_var,Ageclass_90-99_var,Ageclass_0-9_mean,Ageclass_10-19_mean,Ageclass_20-29_mean,Ageclass_30-39_mean,Ageclass_40-49_mean,Ageclass_50-59_mean,Ageclass_60-69_mean,Ageclass_70-79_mean,Ageclass_80-89_mean,Ageclass_90-99_mean,day
430320.90000000026,3547456.48888889,21309525.155555516,7110636.444444439,45740286.22222223,265458361.5111114,1522937949.7888904,3122197196.1777816,1641526577.833332,92498788.66666663,23895.7,147307.4,189725.6,174349.0,333445.0,1126754.2,2258258.7,3187989.2,2532135.5,478462.0,1
