ageclass_0_9_var,ageclass_10_19_var,ageclass_20_29_var,ageclass_30_39_var,ageclass_40_49_var,ageclass_50_59_var,ageclass_60_69_var,ageclass_70_79_var,ageclass_80_89_var,ageclass_90_99_var,ageclass_0_9_mean,ageclass_10_19_mean,ageclass_20_29_mean,ageclass_30_39_mean,ageclass_40_49_mean,ageclass_50_59_mean,ageclass_60_69_mean,ageclass_70_79_mean,ageclass_80_89_mean,ageclass_90_99_mean,day
1234716.4000000004,6449106.48888889,4916444.622222194,4904540.66666667,25567229.333333306,99621511.34444404,413269706.49999946,749864292.0555552,468497264.3999992,30691139.833333354,22748.8,146958.4,191639.2,175684.0,336790.0,1143329.3,2306065.5,3253933.5,2575558.2,487067.5,0
1234716.4000000004,6449106.48888889,4916444.622222194,4904540.66666667,25567229.333333306,99621511.34444404,413269706.49999946,749864292.0555552,468497264.3999992,30691139.833333354,22748.8,146958.4,191639.2,175684.0,336790.0,1143329.3,2306065.5,3253933.5,2575558.2,487067.5,1
