Ageclass_0-9_var,Ageclass_10-19_var,Ageclass_20-29_var,Ageclass_30-39_var,Ageclass_40-49_var,Ageclass_50-59_var,Ageclass_60-69_var,Ageclass_70-79_var,Ageclass_80-89_var,Ageclass_90-99_var,Ageclass_0-9_mean,Ageclass_10-19_mean,Ageclass_20-29_mean,Ageclass_30-39_mean,Ageclass_40-49_mean,Ageclass_50-59_mean,Ageclass_60-69_mean,Ageclass_70-79_mean,Ageclass_80-89_mean,Ageclass_90-99_mean,day
610805.2888888879,4455055.9555555545,9118181.566666657,9611745.655555554,16927450.222222243,90488900.2666669,500326541.83333397,1267391410.7111106,797912370.8999995,37563550.54444444,23418.2,132698.8,170055.7,159896.1,299485.0,1004469.6,2017303.5,2845410.6,2257082.3,425116.1,1
