Ageclass_0-9_var,Ageclass_10-19_var,Ageclass_20-29_var,Ageclass_30-39_var,Ageclass_40-49_var,Ageclass_50-59_var,Ageclass_60-69_var,Ageclass_70-79_var,Ageclass_80-89_var,Ageclass_90-99_var,Ageclass_0-9_mean,Ageclass_10-19_mean,Ageclass_20-29_mean,Ageclass_30-39_mean,Ageclass_40-49_mean,Ageclass_50-59_mean,Ageclass_60-69_mean,Ageclass_70-79_mean,Ageclass_80-89_mean,Ageclass_90-99_mean,day
1217042.1777777777,14387642.711111117,5728372.7111111,13224177.37777778,7771059.877777759,249234029.5999997,998331370.1000004,2182922181.4333367,1053365868.0999987,52425034.62222218,23187.2,138575.4,177274.6,165118.4,313612.9,1054222.6,2113347.1,2977668.9,2368701.1,445800.2,1
