ageclass_0_9_var,ageclass_10_19_var,ageclass_20_29_var,ageclass_30_39_var,ageclass_40_49_var,ageclass_50_59_var,ageclass_60_69_var,ageclass_70_79_var,ageclass_80_89_var,ageclass_90_99_var,ageclass_0_9_mean,ageclass_10_19_mean,ageclass_20_29_mean,ageclass_30_39_mean,ageclass_40_49_mean,ageclass_50_59_mean,ageclass_60_69_mean,ageclass_70_79_mean,ageclass_80_89_mean,ageclass_90_99_mean,day
549454.3999999999,2373405.511111112,4325542.322222222,2052659.8333333333,7608182.711111109,134299130.32222217,587348085.4333335,1206321885.1222222,719014826.7666668,23734878.055555563,28156.2,31404.8,38876.1,39181.5,43686.4,75595.9,105359.9,109188.3,93978.1,17452.5,0
549454.3999999999,2373405.511111112,4325542.322222222,2052659.8333333333,7608182.711111109,134299130.32222217,587348085.4333335,1206321885.1222222,719014826.7666668,23734878.055555563,28156.2,31404.8,38876.1,39181.5,43686.4,75595.9,105359.9,109188.3,93978.1,17452.5,1
