ageclass_0_9_var,ageclass_10_19_var,ageclass_20_29_var,ageclass_30_39_var,ageclass_40_49_var,ageclass_50_59_var,ageclass_60_69_var,ageclass_70_79_var,ageclass_80_89_var,ageclass_90_99_var,ageclass_0_9_mean,ageclass_10_19_mean,ageclass_20_29_mean,ageclass_30_39_mean,ageclass_40_49_mean,ageclass_50_59_mean,ageclass_60_69_mean,ageclass_70_79_mean,ageclass_80_89_mean,ageclass_90_99_mean,day
446961.2111111106,24671291.73333332,44322623.06666664,33547881.06666668,139318342.4444445,1829379490.4888904,7735604373.433328,14410623138.399992,8972972969.733335,291233828.5444446,22462.9,90097.2,113953.8,109469.8,192340.0,624467.6,1232752.9,1730895.8,1383366.8,258824.1,0
446961.2111111106,24671291.73333332,44322623.06666664,33547881.06666668,139318342.4444445,1829379490.4888904,7735604373.433328,14410623138.399992,8972972969.733335,291233828.5444446,22462.9,90097.2,113953.8,109469.8,192340.0,624467.6,1232752.9,1730895.8,1383366.8,258824.1,1
