ageclass_0_9_var,ageclass_10_19_var,ageclass_20_29_var,ageclass_30_39_var,ageclass_40_49_var,ageclass_50_59_var,ageclass_60_69_var,ageclass_70_79_var,ageclass_80_89_var,ageclass_90_99_var,ageclass_0_9_mean,ageclass_10_19_mean,ageclass_20_29_mean,ageclass_30_39_mean,ageclass_40_49_mean,ageclass_50_59_mean,ageclass_60_69_mean,ageclass_70_79_mean,ageclass_80_89_mean,ageclass_90_99_mean,day
1172226.8999999985,17640291.83333334,29651023.37777779,22488947.21111112,87662294.40000005,1179954242.455556,4277131422.711112,8594325134.500013,5087546166.93334,177970278.93333298,26689.3,75230.5,97184.4,92800.1,155175.2,475663.7,922884.4,1280988.5,1025454.6,191723.4,0
1172226.8999999985,17640291.83333334,29651023.37777779,22488947.21111112,87662294.40000005,1179954242.455556,4277131422.711112,8594325134.500013,5087546166.93334,177970278.93333298,26689.3,75230.5,97184.4,92800.1,155175.2,475663.7,922884.4,1280988.5,1025454.6,191723.4,1
