ageclass_0_9_var,ageclass_10_19_var,ageclass_20_29_var,ageclass_30_39_var,ageclass_40_49_var,ageclass_50_59_var,ageclass_60_69_var,ageclass_70_79_var,ageclass_80_89_var,ageclass_90_99_var,ageclass_0_9_mean,ageclass_10_19_mean,ageclass_20_29_mean,ageclass_30_39_mean,ageclass_40_49_mean,ageclass_50_59_mean,ageclass_60_69_mean,ageclass_70_79_mean,ageclass_80_89_mean,ageclass_90_99_mean,day
791145.3777777781,13248096.488888867,8719418.39999999,2930132.933333335,34376095.566666625,323890680.7666661,1316633443.3888905,2756583458.766672,1719871267.999998,34163716.00000009,21954.4,143227.6,184792.8,171926.6,326115.3,1109466.9,2221910.5,3146883.1,2492057.0,470589.0,0
791145.3777777781,13248096.488888867,8719418.39999999,2930132.933333335,34376095.566666625,323890680.7666661,1316633443.3888905,2756583458.766672,1719871267.999998,34163716.00000009,21954.4,143227.6,184792.8,171926.6,326115.3,1109466.9,2221910.5,3146883.1,2492057.0,470589.0,1
