Ageclass_0-9_var,Ageclass_10-19_var,Ageclass_20-29_var,Ageclass_30-39_var,Ageclass_40-49_var,Ageclass_50-59_var,Ageclass_60-69_var,Ageclass_70-79_var,Ageclass_80-89_var,Ageclass_90-99_var,Ageclass_0-9_mean,Ageclass_10-19_mean,Ageclass_20-29_mean,Ageclass_30-39_mean,Ageclass_40-49_mean,Ageclass_50-59_mean,Ageclass_60-69_mean,Ageclass_70-79_mean,Ageclass_80-89_mean,Ageclass_90-99_mean,day
1383650.3222222226,14406385.155555554,8392413.599999981,11210069.599999972,37800540.17777782,300410041.3888895,942715282.011111,1203786490.222224,1258231533.7888894,55812063.60000005,23173.1,144662.6,187217.4,170829.4,330583.2,1113516.5,2236214.3,3153224.0,2501678.3,471459.6,1
