Ageclass_0-9_var,Ageclass_10-19_var,Ageclass_20-29_var,Ageclass_30-39_var,Ageclass_40-49_var,Ageclass_50-59_var,Ageclass_60-69_var,Ageclass_70-79_var,Ageclass_80-89_var,Ageclass_90-99_var,Ageclass_0-9_mean,Ageclass_10-19_mean,Ageclass_20-29_mean,Ageclass_30-39_mean,Ageclass_40-49_mean,Ageclass_50-59_mean,Ageclass_60-69_mean,Ageclass_70-79_mean,Ageclass_80-89_mean,Ageclass_90-99_mean,day
2500872.444444445,5025098.944444449,13806453.12222219,13098592.622222215,30466491.566666655,179061080.90000036,1205222901.7333384,2538594063.12221,1565987542.5444422,60215699.73333342,22733.0,123320.5,159684.3,148921.8,276913.3,931110.7,1864041.2,2627789.3,2078682.9,391973.2,1
