Ageclass_0-9_var,Ageclass_10-19_var,Ageclass_20-29_var,Ageclass_30-39_var,Ageclass_40-49_var,Ageclass_50-59_var,Ageclass_60-69_var,Ageclass_70-79_var,Ageclass_80-89_var,Ageclass_90-99_var,Ageclass_0-9_mean,Ageclass_10-19_mean,Ageclass_20-29_mean,Ageclass_30-39_mean,Ageclass_40-49_mean,Ageclass_50-59_mean,Ageclass_60-69_mean,Ageclass_70-79_mean,Ageclass_80-89_mean,Ageclass_90-99_mean,day
1616905.4333333327,5052184.100000002,13214593.211111141,11550290.766666677,32445332.40000003,397313265.155555,1474438831.8777757,3138106562.5444436,1585263600.5444384,79565264.01111096,25027.9,126521.9,163415.9,154716.1,283498.2,938061.4,1872368.9,2635745.1,2097525.1,394671.7,1
