Ageclass_0-9_var,Ageclass_10-19_var,Ageclass_20-29_var,Ageclass_30-39_var,Ageclass_40-49_var,Ageclass_50-59_var,Ageclass_60-69_var,Ageclass_70-79_var,Ageclass_80-89_var,Ageclass_90-99_var,Ageclass_0-9_mean,Ageclass_10-19_mean,Ageclass_20-29_mean,Ageclass_30-39_mean,Ageclass_40-49_mean,Ageclass_50-59_mean,Ageclass_60-69_mean,Ageclass_70-79_mean,Ageclass_80-89_mean,Ageclass_90-99_mean,day
1252798.8444444453,6523314.988888885,10027683.066666706,11100086.32222225,13370455.655555567,155887001.34444448,1017875924.9888943,2553183575.34444,1236601442.4888911,62882422.62222217,24478.8,125032.1,163786.8,151040.9,282949.1,933745.3,1866416.1,2637028.7,2091589.6,393706.2,1
