ageclass_0_9_var,ageclass_10_19_var,ageclass_20_29_var,ageclass_30_39_var,ageclass_40_49_var,ageclass_50_59_var,ageclass_60_69_var,ageclass_70_79_var,ageclass_80_89_var,ageclass_90_99_var,ageclass_0_9_mean,ageclass_10_19_mean,ageclass_20_29_mean,ageclass_30_39_mean,ageclass_40_49_mean,ageclass_50_59_mean,ageclass_60_69_mean,ageclass_70_79_mean,ageclass_80_89_mean,ageclass_90_99_mean,day
1577384.4888888886,11307095.777777756,22590256.455555484,5944177.877777777,22666309.566666707,266244333.5111112,1163517564.6777759,1990595282.0111117,995256737.8222204,59389440.67777777,22817.4,133063.0,173591.7,161260.9,304480.7,1019657.2,2045243.7,2887548.3,2293054.6,432270.3,0
1577384.4888888886,11307095.777777756,22590256.455555484,5944177.877777777,22666309.566666707,266244333.5111112,1163517564.6777759,1990595282.0111117,995256737.8222204,59389440.67777777,22817.4,133063.0,173591.7,161260.9,304480.7,1019657.2,2045243.7,2887548.3,2293054.6,432270.3,1
