ageclass_0_9_var,ageclass_10_19_var,ageclass_20_29_var,ageclass_30_39_var,ageclass_40_49_var,ageclass_50_59_var,ageclass_60_69_var,ageclass_70_79_var,ageclass_80_89_var,ageclass_90_99_var,ageclass_0_9_mean,ageclass_10_19_mean,ageclass_20_29_mean,ageclass_30_39_mean,ageclass_40_49_mean,ageclass_50_59_mean,ageclass_60_69_mean,ageclass_70_79_mean,ageclass_80_89_mean,ageclass_90_99_mean,day
581218.6777777789,5379566.677777763,12439295.655555554,3208331.2888889,28343010.988888897,101384318.26666637,693209181.733333,1444607423.288889,727471264.2222224,68982110.90000004,21488.3,135943.7,177145.1,163206.2,310763.1,1049734.4,2107397.8,2980055.8,2364105.0,446105.7,0
581218.6777777789,5379566.677777763,12439295.655555554,3208331.2888889,28343010.988888897,101384318.26666637,693209181.733333,1444607423.288889,727471264.2222224,68982110.90000004,21488.3,135943.7,177145.1,163206.2,310763.1,1049734.4,2107397.8,2980055.8,2364105.0,446105.7,1
