Ageclass_0-9_var,Ageclass_10-19_var,Ageclass_20-29_var,Ageclass_30-39_var,Ageclass_40-49_var,Ageclass_50-59_var,Ageclass_60-69_var,Ageclass_70-79_var,Ageclass_80-89_var,Ageclass_90-99_var,Ageclass_0-9_mean,Ageclass_10-19_mean,Ageclass_20-29_mean,Ageclass_30-39_mean,Ageclass_40-49_mean,Ageclass_50-59_mean,Ageclass_60-69_mean,Ageclass_70-79_mean,Ageclass_80-89_mean,Ageclass_90-99_mean,day
251517.7888888881,8135714.9888888635,8107627.600000015,6998721.999999993,9348319.377777804,258201491.33333242,753078620.3222177,1797470278.7111228,598827142.8888912,45217003.12222229,20947.3,141808.1,185156.6,170493.0,328139.4,1104324.0,2226854.9,3144010.4,2489063.0,468573.7,1
