ageclass_0_9_var,ageclass_10_19_var,ageclass_20_29_var,ageclass_30_39_var,ageclass_40_49_var,ageclass_50_59_var,ageclass_60_69_var,ageclass_70_79_var,ageclass_80_89_var,ageclass_90_99_var,ageclass_0_9_mean,ageclass_10_19_mean,ageclass_20_29_mean,ageclass_30_39_mean,ageclass_40_49_mean,ageclass_50_59_mean,ageclass_60_69_mean,ageclass_70_79_mean,ageclass_80_89_mean,ageclass_90_99_mean,day
546004.488888889,5575621.833333334,5310376.222222229,14507155.511111112,21335425.155555554,234445786.5444445,1124290878.1000001,2024575739.5111127,1417531892.5000005,44818758.177777775,24517.4,137435.5,177305.0,164664.2,310145.6,1036863.9,2069600.1,2917836.2,2313847.5,436644.2,0
546004.488888889,5575621.833333334,5310376.222222229,14507155.511111112,21335425.155555554,234445786.5444445,1124290878.1000001,2024575739.5111127,1417531892.5000005,44818758.177777775,24517.4,137435.5,177305.0,164664.2,310145.6,1036863.9,2069600.1,2917836.2,2313847.5,436644.2,1
