ageclass_0_9_var,ageclass_10_19_var,ageclass_20_29_var,ageclass_30_39_var,ageclass_40_49_var,ageclass_50_59_var,ageclass_60_69_var,ageclass_70_79_var,ageclass_80_89_var,ageclass_90_99_var,ageclass_0_9_mean,ageclass_10_19_mean,ageclass_20_29_mean,ageclass_30_39_mean,ageclass_40_49_mean,ageclass_50_59_mean,ageclass_60_69_mean,ageclass_70_79_mean,ageclass_80_89_mean,ageclass_90_99_mean,day
1287053.5111111114,10453988.322222231,18873294.722222194,9186540.044444421,65975426.844444446,756979022.3999991,3165043998.499997,6022168202.455555,4130910282.455557,148476756.2777778,27261.8,66337.1,84153.5,81196.6,130522.8,394756.2,759321.5,1048188.7,839653.3,155833.5,0
1287053.5111111114,10453988.322222231,18873294.722222194,9186540.044444421,65975426.844444446,756979022.3999991,3165043998.499997,6022168202.455555,4130910282.455557,148476756.2777778,27261.8,66337.1,84153.5,81196.6,130522.8,394756.2,759321.5,1048188.7,839653.3,155833.5,1
