Ageclass_0-9_var,Ageclass_10-19_var,Ageclass_20-29_var,Ageclass_30-39_var,Ageclass_40-49_var,Ageclass_50-59_var,Ageclass_60-69_var,Ageclass_70-79_var,Ageclass_80-89_var,Ageclass_90-99_var,Ageclass_0-9_mean,Ageclass_10-19_mean,Ageclass_20-29_mean,Ageclass_30-39_mean,Ageclass_40-49_mean,Ageclass_50-59_mean,Ageclass_60-69_mean,Ageclass_70-79_mean,Ageclass_80-89_mean,Ageclass_90-99_mean,day
822953.1222222216,7622805.288888895,17012798.488888953,8007575.34444446,13453921.288888885,100027375.15555626,489075781.3444446,1158817506.3222227,762001945.7777779,18079818.322222188,22246.3,150085.8,193693.4,177873.3,343670.8,1159036.4,2333543.7,3305579.1,2615039.0,491738.1,1
