ageclass_0_9_var,ageclass_10_19_var,ageclass_20_29_var,ageclass_30_39_var,ageclass_40_49_var,ageclass_50_59_var,ageclass_60_69_var,ageclass_70_79_var,ageclass_80_89_var,ageclass_90_99_var,ageclass_0_9_mean,ageclass_10_19_mean,ageclass_20_29_mean,ageclass_30_39_mean,ageclass_40_49_mean,ageclass_50_59_mean,ageclass_60_69_mean,ageclass_70_79_mean,ageclass_80_89_mean,ageclass_90_99_mean,day
606731.1555555552,4549210.84444444,6721433.599999992,16811204.233333334,22859473.833333332,211059582.7222219,765198965.7777746,1239842565.8777773,1109239262.6222246,39717500.39999995,22466.4,137071.8,177893.4,165698.3,314497.5,1056693.5,2124652.0,2994833.9,2380185.2,449678.8,0
606731.1555555552,4549210.84444444,6721433.599999992,16811204.233333334,22859473.833333332,211059582.7222219,765198965.7777746,1239842565.8777773,1109239262.6222246,39717500.39999995,22466.4,137071.8,177893.4,165698.3,314497.5,1056693.5,2124652.0,2994833.9,2380185.2,449678.8,1
