ageclass_0_9_var,ageclass_10_19_var,ageclass_20_29_var,ageclass_30_39_var,ageclass_40_49_var,ageclass_50_59_var,ageclass_60_69_var,ageclass_70_79_var,ageclass_80_89_var,ageclass_90_99_var,ageclass_0_9_mean,ageclass_10_19_mean,ageclass_20_29_mean,ageclass_30_39_mean,ageclass_40_49_mean,ageclass_50_59_mean,ageclass_60_69_mean,ageclass_70_79_mean,ageclass_80_89_mean,ageclass_90_99_mean,day
1644446.4555555559,7080309.777777798,9943575.611111151,5732752.899999992,29974488.844444394,201450584.32222423,468232693.34444165,770803233.0666672,679080178.5444455,24893663.955555633,22990.3,151943.0,195494.5,179007.7,344366.8,1160544.1,2334777.7,3299813.2,2610162.1,493372.8,0
1644446.4555555559,7080309.777777798,9943575.611111151,5732752.899999992,29974488.844444394,201450584.32222423,468232693.34444165,770803233.0666672,679080178.5444455,24893663.955555633,22990.3,151943.0,195494.5,179007.7,344366.8,1160544.1,2334777.7,3299813.2,2610162.1,493372.8,1
