ageclass_0_9_var,ageclass_10_19_var,ageclass_20_29_var,ageclass_30_39_var,ageclass_40_49_var,ageclass_50_59_var,ageclass_60_69_var,ageclass_70_79_var,ageclass_80_89_var,ageclass_90_99_var,ageclass_0_9_mean,ageclass_10_19_mean,ageclass_20_29_mean,ageclass_30_39_mean,ageclass_40_49_mean,ageclass_50_59_mean,ageclass_60_69_mean,ageclass_70_79_mean,ageclass_80_89_mean,ageclass_90_99_mean,day
1472060.9,598192.4555555541,805285.5111111109,2955006.8444444453,1450442.544444445,3227699.3333333326,8593743.155555554,13905979.955555556,11101186.444444444,223430.88888888888,24647.3,24976.7,30963.2,31092.2,30317.9,34207.0,28884.4,2424.8,11256.0,2148.0,0
1472060.9,598192.4555555541,805285.5111111109,2955006.8444444453,1450442.544444445,3227699.3333333326,8593743.155555554,13905979.955555556,11101186.444444444,223430.88888888888,24647.3,24976.7,30963.2,31092.2,30317.9,34207.0,28884.4,2424.8,11256.0,2148.0,1
