Ageclass_0-9_var,Ageclass_10-19_var,Ageclass_20-29_var,Ageclass_30-39_var,Ageclass_40-49_var,Ageclass_50-59_var,Ageclass_60-69_var,Ageclass_70-79_var,Ageclass_80-89_var,Ageclass_90-99_var,Ageclass_0-9_mean,Ageclass_10-19_mean,Ageclass_20-29_mean,Ageclass_30-39_mean,Ageclass_40-49_mean,Ageclass_50-59_mean,Ageclass_60-69_mean,Ageclass_70-79_mean,Ageclass_80-89_mean,Ageclass_90-99_mean,day
813314.3222222226,8225137.777777776,12405897.21111112,5472187.955555544,40234719.0666666,251061057.34444332,1615781370.4888864,2253834974.322226,1525747716.1777716,69263743.3777779,23825.1,147559.0,194162.1,175954.2,340934.2,1146149.7,2294359.4,3251670.1,2578545.2,483567.4,1
