ageclass_0_9_var,ageclass_10_19_var,ageclass_20_29_var,ageclass_30_39_var,ageclass_40_49_var,ageclass_50_59_var,ageclass_60_69_var,ageclass_70_79_var,ageclass_80_89_var,ageclass_90_99_var,ageclass_0_9_mean,ageclass_10_19_mean,ageclass_20_29_mean,ageclass_30_39_mean,ageclass_40_49_mean,ageclass_50_59_mean,ageclass_60_69_mean,ageclass_70_79_mean,ageclass_80_89_mean,ageclass_90_99_mean,day
1252798.8444444453,6523314.988888885,10027683.066666706,11100086.32222225,13370455.655555567,155887001.34444448,1017875924.9888943,2553183575.34444,1236601442.4888911,62882422.62222217,24478.8,125032.1,163786.8,151040.9,282949.1,933745.3,1866416.1,2637028.7,2091589.6,393706.2,0
1252798.8444444453,6523314.988888885,10027683.066666706,11100086.32222225,13370455.655555567,155887001.34444448,1017875924.9888943,2553183575.34444,1236601442.4888911,62882422.62222217,24478.8,125032.1,163786.8,151040.9,282949.1,933745.3,1866416.1,2637028.7,2091589.6,393706.2,1
