ageclass_0_9_var,ageclass_10_19_var,ageclass_20_29_var,ageclass_30_39_var,ageclass_40_49_var,ageclass_50_59_var,ageclass_60_69_var,ageclass_70_79_var,ageclass_80_89_var,ageclass_90_99_var,ageclass_0_9_mean,ageclass_10_19_mean,ageclass_20_29_mean,ageclass_30_39_mean,ageclass_40_49_mean,ageclass_50_59_mean,ageclass_60_69_mean,ageclass_70_79_mean,ageclass_80_89_mean,ageclass_90_99_mean,day
465714.4888888898,7404415.511111111,9083922.455555554,14605631.599999921,28314274.844444457,288030204.88888925,1015338879.1555563,1976101200.622222,1078680490.6777794,67454079.51111108,22406.4,130005.2,167116.3,155292.4,293371.2,984344.0,1968918.6,2783160.8,2206618.7,414657.8,0
465714.4888888898,7404415.511111111,9083922.455555554,14605631.599999921,28314274.844444457,288030204.88888925,1015338879.1555563,1976101200.622222,1078680490.6777794,67454079.51111108,22406.4,130005.2,167116.3,155292.4,293371.2,984344.0,1968918.6,2783160.8,2206618.7,414657.8,1
