Ageclass_0-9_var,Ageclass_10-19_var,Ageclass_20-29_var,Ageclass_30-39_var,Ageclass_40-49_var,Ageclass_50-59_var,Ageclass_60-69_var,Ageclass_70-79_var,Ageclass_80-89_var,Ageclass_90-99_var,Ageclass_0-9_mean,Ageclass_10-19_mean,Ageclass_20-29_mean,Ageclass_30-39_mean,Ageclass_40-49_mean,Ageclass_50-59_mean,Ageclass_60-69_mean,Ageclass_70-79_mean,Ageclass_80-89_mean,Ageclass_90-99_mean,day
1356420.8999999973,6839324.988888888,7515512.233333332,6850331.1555555565,12692459.38888889,108498236.76666659,329918359.8777774,687928181.2888879,476405414.98888993,35696811.34444444,23786.3,133527.1,174325.3,161170.6,304434.5,1017725.9,2043378.9,2881978.2,2284835.9,430713.7,1
