Ageclass_0-9_var,Ageclass_10-19_var,Ageclass_20-29_var,Ageclass_30-39_var,Ageclass_40-49_var,Ageclass_50-59_var,Ageclass_60-69_var,Ageclass_70-79_var,Ageclass_80-89_var,Ageclass_90-99_var,Ageclass_0-9_mean,Ageclass_10-19_mean,Ageclass_20-29_mean,Ageclass_30-39_mean,Ageclass_40-49_mean,Ageclass_50-59_mean,Ageclass_60-69_mean,Ageclass_70-79_mean,Ageclass_80-89_mean,Ageclass_90-99_mean,day
881858.0555555557,6864043.122222215,17587808.322222233,7417912.488888913,19983147.655555587,80406234.98888843,406323084.399998,1013252850.9888891,197332850.0444448,18687505.388888918,21316.5,148830.3,193052.1,177275.4,339877.9,1156454.1,2327552.2,3297437.1,2611082.4,492803.5,1
