ageclass_0_9_var,ageclass_10_19_var,ageclass_20_29_var,ageclass_30_39_var,ageclass_40_49_var,ageclass_50_59_var,ageclass_60_69_var,ageclass_70_79_var,ageclass_80_89_var,ageclass_90_99_var,ageclass_0_9_mean,ageclass_10_19_mean,ageclass_20_29_mean,ageclass_30_39_mean,ageclass_40_49_mean,ageclass_50_59_mean,ageclass_60_69_mean,ageclass_70_79_mean,ageclass_80_89_mean,ageclass_90_99_mean,day
390930.32222222193,21619614.10000001,47390073.56666668,43003484.100000024,148376762.67777783,1937540024.622223,7519597494.722221,13682997189.777775,8327495021.28889,319374897.55555546,23674.9,70464.1,91265.3,87768.9,147283.7,456004.2,890648.5,1241466.0,999497.2,186394.0,0
390930.32222222193,21619614.10000001,47390073.56666668,43003484.100000024,148376762.67777783,1937540024.622223,7519597494.722221,13682997189.777775,8327495021.28889,319374897.55555546,23674.9,70464.1,91265.3,87768.9,147283.7,456004.2,890648.5,1241466.0,999497.2,186394.0,1
