ageclass_0_9_var,ageclass_10_19_var,ageclass_20_29_var,ageclass_30_39_var,ageclass_40_49_var,ageclass_50_59_var,ageclass_60_69_var,ageclass_70_79_var,ageclass_80_89_var,ageclass_90_99_var,ageclass_0_9_mean,ageclass_10_19_mean,ageclass_20_29_mean,ageclass_30_39_mean,ageclass_40_49_mean,ageclass_50_59_mean,ageclass_60_69_mean,ageclass_70_79_mean,ageclass_80_89_mean,ageclass_90_99_mean,day
815059.7333333329,11695193.833333325,11205991.599999981,6365725.777777757,33442182.266666703,304830035.5666665,1511713717.6,2669585566.9888864,1161309130.2333298,78419721.34444465,21085.2,130712.5,171340.6,159728.0,302321.6,1020682.7,2049555.6,2899806.1,2295024.3,433532.3,0
815059.7333333329,11695193.833333325,11205991.599999981,6365725.777777757,33442182.266666703,304830035.5666665,1511713717.6,2669585566.9888864,1161309130.2333298,78419721.34444465,21085.2,130712.5,171340.6,159728.0,302321.6,1020682.7,2049555.6,2899806.1,2295024.3,433532.3,1
