ageclass_0_9_var,ageclass_10_19_var,ageclass_20_29_var,ageclass_30_39_var,ageclass_40_49_var,ageclass_50_59_var,ageclass_60_69_var,ageclass_70_79_var,ageclass_80_89_var,ageclass_90_99_var,ageclass_0_9_mean,ageclass_10_19_mean,ageclass_20_29_mean,ageclass_30_39_mean,ageclass_40_49_mean,ageclass_50_59_mean,ageclass_60_69_mean,ageclass_70_79_mean,ageclass_80_89_mean,ageclass_90_99_mean,day
1043177.0666666662,2471488.0444444413,11430854.266666673,10551738.666666666,50936546.72222218,360930230.45555615,1615357223.166665,2449628515.877777,1594404341.3444479,64575636.04444447,22284.2,87292.4,112717.4,106710.0,191835.5,620357.3,1226470.5,1730578.1,1368355.7,256775.6,0
1043177.0666666662,2471488.0444444413,11430854.266666673,10551738.666666666,50936546.72222218,360930230.45555615,1615357223.166665,2449628515.877777,1594404341.3444479,64575636.04444447,22284.2,87292.4,112717.4,106710.0,191835.5,620357.3,1226470.5,1730578.1,1368355.7,256775.6,1
