ageclass_0_9_var,ageclass_10_19_var,ageclass_20_29_var,ageclass_30_39_var,ageclass_40_49_var,ageclass_50_59_var,ageclass_60_69_var,ageclass_70_79_var,ageclass_80_89_var,ageclass_90_99_var,ageclass_0_9_mean,ageclass_10_19_mean,ageclass_20_29_mean,ageclass_30_39_mean,ageclass_40_49_mean,ageclass_50_59_mean,ageclass_60_69_mean,ageclass_70_79_mean,ageclass_80_89_mean,ageclass_90_99_mean,day
922594.0000000007,2184446.2666666666,2051563.3777777792,1996756.6222222229,6119463.388888889,45811545.877777785,208361544.01111114,425965606.3222222,232647376.71111113,8210123.377777779,27727.0,28739.6,36113.6,35785.8,37004.5,51338.1,58116.7,40684.9,41952.6,7824.4,0
922594.0000000007,2184446.2666666666,2051563.3777777792,1996756.6222222229,6119463.388888889,45811545.877777785,208361544.01111114,425965606.3222222,232647376.71111113,8210123.377777779,27727.0,28739.6,36113.6,35785.8,37004.5,51338.1,58116.7,40684.9,41952.6,7824.4,1
