ageclass_0_9_var,ageclass_10_19_var,ageclass_20_29_var,ageclass_30_39_var,ageclass_40_49_var,ageclass_50_59_var,ageclass_60_69_var,ageclass_70_79_var,ageclass_80_89_var,ageclass_90_99_var,ageclass_0_9_mean,ageclass_10_19_mean,ageclass_20_29_mean,ageclass_30_39_mean,ageclass_40_49_mean,ageclass_50_59_mean,ageclass_60_69_mean,ageclass_70_79_mean,ageclass_80_89_mean,ageclass_90_99_mean,day
1390707.1222222229,7689289.999999968,2284890.7666666666,16695746.100000003,22344383.611111123,123451819.15555507,572749774.044445,951540825.0666661,391036865.37777585,16006647.655555619,21921.3,151935.0,194992.1,177490.1,344247.5,1172880.6,2359036.6,3333910.8,2641945.4,497157.9,0
1390707.1222222229,7689289.999999968,2284890.7666666666,16695746.100000003,22344383.611111123,123451819.15555507,572749774.044445,951540825.0666661,391036865.37777585,16006647.655555619,21921.3,151935.0,194992.1,177490.1,344247.5,1172880.6,2359036.6,3333910.8,2641945.4,497157.9,1
