ageclass_0_9_var,ageclass_10_19_var,ageclass_20_29_var,ageclass_30_39_var,ageclass_40_49_var,ageclass_50_59_var,ageclass_60_69_var,ageclass_70_79_var,ageclass_80_89_var,ageclass_90_99_var,ageclass_0_9_mean,ageclass_10_19_mean,ageclass_20_29_mean,ageclass_30_39_mean,ageclass_40_49_mean,ageclass_50_59_mean,ageclass_60_69_mean,ageclass_70_79_mean,ageclass_80_89_mean,ageclass_90_99_mean,day
376722.8888888884,3356454.933333347,9760388.322222227,25409738.84444443,46401243.655555725,473322789.12222207,1661900627.655556,3599802547.344442,1948542997.3777761,95438659.4333337,23359.0,134170.6,175212.1,161979.8,305012.9,1021002.3,2043374.9,2883727.3,2286413.6,431083.1,0
376722.8888888884,3356454.933333347,9760388.322222227,25409738.84444443,46401243.655555725,473322789.12222207,1661900627.655556,3599802547.344442,1948542997.3777761,95438659.4333337,23359.0,134170.6,175212.1,161979.8,305012.9,1021002.3,2043374.9,2883727.3,2286413.6,431083.1,1
