ageclass_0_9_var,ageclass_10_19_var,ageclass_20_29_var,ageclass_30_39_var,ageclass_40_49_var,ageclass_50_59_var,ageclass_60_69_var,ageclass_70_79_var,ageclass_80_89_var,ageclass_90_99_var,ageclass_0_9_mean,ageclass_10_19_mean,ageclass_20_29_mean,ageclass_30_39_mean,ageclass_40_49_mean,ageclass_50_59_mean,ageclass_60_69_mean,ageclass_70_79_mean,ageclass_80_89_mean,ageclass_90_99_mean,day
1041432.4555555559,5784441.377777786,13004821.788888872,15837136.48888892,30736932.488888994,635579897.3444438,1910619935.566659,3605992535.433325,2286273743.3444448,70908768.45555586,21829.7,103376.4,134380.3,126488.6,232166.6,763147.7,1524647.7,2145395.1,1711470.3,320358.7,0
1041432.4555555559,5784441.377777786,13004821.788888872,15837136.48888892,30736932.488888994,635579897.3444438,1910619935.566659,3605992535.433325,2286273743.3444448,70908768.45555586,21829.7,103376.4,134380.3,126488.6,232166.6,763147.7,1524647.7,2145395.1,1711470.3,320358.7,1
