Ageclass_0-9_var,Ageclass_10-19_var,Ageclass_20-29_var,Ageclass_30-39_var,Ageclass_40-49_var,Ageclass_50-59_var,Ageclass_60-69_var,Ageclass_70-79_var,Ageclass_80-89_var,Ageclass_90-99_var,Ageclass_0-9_mean,Ageclass_10-19_mean,Ageclass_20-29_mean,Ageclass_30-39_mean,Ageclass_40-49_mean,Ageclass_50-59_mean,Ageclass_60-69_mean,Ageclass_70-79_mean,Ageclass_80-89_mean,Ageclass_90-99_mean,day
675089.7333333332,9723023.388888884,13982644.22222222,15761186.844444457,56435066.48888887,265106019.12222236,1100908433.7888887,2658277690.5444465,1316644618.9444456,62601176.01111107,23982.8,130865.5,168545.0,155568.2,292721.4,977644.7,1950525.3,2755493.9,2184710.5,411600.7,1
