Ageclass_0-9_var,Ageclass_10-19_var,Ageclass_20-29_var,Ageclass_30-39_var,Ageclass_40-49_var,Ageclass_50-59_var,Ageclass_60-69_var,Ageclass_70-79_var,Ageclass_80-89_var,Ageclass_90-99_var,Ageclass_0-9_mean,Ageclass_10-19_mean,Ageclass_20-29_mean,Ageclass_30-39_mean,Ageclass_40-49_mean,Ageclass_50-59_mean,Ageclass_60-69_mean,Ageclass_70-79_mean,Ageclass_80-89_mean,Ageclass_90-99_mean,day
1842618.6777777784,10962511.211111106,14323762.988888904,4207019.377777779,37746552.011111096,342465659.61111134,1381306926.2666676,2689878915.5666585,1584339219.5999985,77875427.87777776,22235.3,124343.9,160173.9,150331.6,280135.3,935404.5,1880806.4,2657968.3,2105327.6,396559.9,1
