ageclass_0_9_var,ageclass_10_19_var,ageclass_20_29_var,ageclass_30_39_var,ageclass_40_49_var,ageclass_50_59_var,ageclass_60_69_var,ageclass_70_79_var,ageclass_80_89_var,ageclass_90_99_var,ageclass_0_9_mean,ageclass_10_19_mean,ageclass_20_29_mean,ageclass_30_39_mean,ageclass_40_49_mean,ageclass_50_59_mean,ageclass_60_69_mean,ageclass_70_79_mean,ageclass_80_89_mean,ageclass_90_99_mean,day
625047.2111111106,7466027.566666694,11640228.488888817,11318489.11111117,29092942.322222248,211183266.05555433,1114581405.166669,2748176661.6555443,1317154123.1222188,52047875.34444442,23751.1,139972.3,181276.6,167851.0,319765.1,1073774.5,2152474.5,3045236.1,2417267.3,452692.3,0
625047.2111111106,7466027.566666694,11640228.488888817,11318489.11111117,29092942.322222248,211183266.05555433,1114581405.166669,2748176661.6555443,1317154123.1222188,52047875.34444442,23751.1,139972.3,181276.6,167851.0,319765.1,1073774.5,2152474.5,3045236.1,2417267.3,452692.3,1
