ageclass_0_9_var,ageclass_10_19_var,ageclass_20_29_var,ageclass_30_39_var,ageclass_40_49_var,ageclass_50_59_var,ageclass_60_69_var,ageclass_70_79_var,ageclass_80_89_var,ageclass_90_99_var,ageclass_0_9_mean,ageclass_10_19_mean,ageclass_20_29_mean,ageclass_30_39_mean,ageclass_40_49_mean,ageclass_50_59_mean,ageclass_60_69_mean,ageclass_70_79_mean,ageclass_80_89_mean,ageclass_90_99_mean,day
854605.2111111108,11043329.82222218,12653409.56666668,7758832.766666687,16658067.877777865,256164162.3999995,791357874.7111071,1715196643.9999967,776774913.7888876,53882416.04444449,22234.1,132402.6,171822.7,159491.9,303611.1,1018014.2,2037732.4,2876861.0,2280299.7,429475.4,0
854605.2111111108,11043329.82222218,12653409.56666668,7758832.766666687,16658067.877777865,256164162.3999995,791357874.7111071,1715196643.9999967,776774913.7888876,53882416.04444449,22234.1,132402.6,171822.7,159491.9,303611.1,1018014.2,2037732.4,2876861.0,2280299.7,429475.4,1
