ageclass_0_9_var,ageclass_10_19_var,ageclass_20_29_var,ageclass_30_39_var,ageclass_40_49_var,ageclass_50_59_var,ageclass_60_69_var,ageclass_70_79_var,ageclass_80_89_var,ageclass_90_99_var,ageclass_0_9_mean,ageclass_10_19_mean,ageclass_20_29_mean,ageclass_30_39_mean,ageclass_40_49_mean,ageclass_50_59_mean,ageclass_60_69_mean,ageclass_70_79_mean,ageclass_80_89_mean,ageclass_90_99_mean,day
547153.1111111108,6630720.455555554,7737590.222222213,7091400.844444447,52400764.93333333,293318106.44444454,906332222.055556,2093882591.2888913,1224476208.8444452,56168709.82222214,20987.0,123657.3,160528.0,151181.8,281679.4,947216.0,1900825.5,2680785.2,2130595.8,401508.4,0
547153.1111111108,6630720.455555554,7737590.222222213,7091400.844444447,52400764.93333333,293318106.44444454,906332222.055556,2093882591.2888913,1224476208.8444452,56168709.82222214,20987.0,123657.3,160528.0,151181.8,281679.4,947216.0,1900825.5,2680785.2,2130595.8,401508.4,1
