Ageclass_0-9_var,Ageclass_10-19_var,Ageclass_20-29_var,Ageclass_30-39_var,Ageclass_40-49_var,Ageclass_50-59_var,Ageclass_60-69_var,Ageclass_70-79_var,Ageclass_80-89_var,Ageclass_90-99_var,Ageclass_0-9_mean,Ageclass_10-19_mean,Ageclass_20-29_mean,Ageclass_30-39_mean,Ageclass_40-49_mean,Ageclass_50-59_mean,Ageclass_60-69_mean,Ageclass_70-79_mean,Ageclass_80-89_mean,Ageclass_90-99_mean,day
1390707.1222222229,7689289.999999968,2284890.7666666666,16695746.100000003,22344383.611111123,123451819.15555507,572749774.044445,951540825.0666661,391036865.37777585,16006647.655555619,21921.3,151935.0,194992.1,177490.1,344247.5,1172880.6,2359036.6,3333910.8,2641945.4,497157.9,1
