ageclass_0_9_var,ageclass_10_19_var,ageclass_20_29_var,ageclass_30_39_var,ageclass_40_49_var,ageclass_50_59_var,ageclass_60_69_var,ageclass_70_79_var,ageclass_80_89_var,ageclass_90_99_var,ageclass_0_9_mean,ageclass_10_19_mean,ageclass_20_29_mean,ageclass_30_39_mean,ageclass_40_49_mean,ageclass_50_59_mean,ageclass_60_69_mean,ageclass_70_79_mean,ageclass_80_89_mean,ageclass_90_99_mean,day
685508.3222222229,5112293.56666666,13169214.66666669,4469303.877777796,37746841.21111111,335745198.1777779,1429679812.5000002,3038038233.1666627,1701608727.0666704,100525237.6111112,21971.1,135073.3,173435.0,160809.1,304550.9,1024736.8,2060775.5,2908923.5,2311674.2,435833.5,0
685508.3222222229,5112293.56666666,13169214.66666669,4469303.877777796,37746841.21111111,335745198.1777779,1429679812.5000002,3038038233.1666627,1701608727.0666704,100525237.6111112,21971.1,135073.3,173435.0,160809.1,304550.9,1024736.8,2060775.5,2908923.5,2311674.2,435833.5,1
