ageclass_0_9_var,ageclass_10_19_var,ageclass_20_29_var,ageclass_30_39_var,ageclass_40_49_var,ageclass_50_59_var,ageclass_60_69_var,ageclass_70_79_var,ageclass_80_89_var,ageclass_90_99_var,ageclass_0_9_mean,ageclass_10_19_mean,ageclass_20_29_mean,ageclass_30_39_mean,ageclass_40_49_mean,ageclass_50_59_mean,ageclass_60_69_mean,ageclass_70_79_mean,ageclass_80_89_mean,ageclass_90_99_mean,day
223484.26666666655,7247207.566666667,22862509.15555556,16937230.766666636,28283786.2333333,532623236.98888844,1924707240.4444432,3582379309.56667,1937510498.455556,58853688.26666674,20170.4,130076.3,168352.4,155985.9,295938.7,999515.1,2002158.0,2829788.3,2251005.7,423921.6,0
223484.26666666655,7247207.566666667,22862509.15555556,16937230.766666636,28283786.2333333,532623236.98888844,1924707240.4444432,3582379309.56667,1937510498.455556,58853688.26666674,20170.4,130076.3,168352.4,155985.9,295938.7,999515.1,2002158.0,2829788.3,2251005.7,423921.6,1
