ageclass_0_9_var,ageclass_10_19_var,ageclass_20_29_var,ageclass_30_39_var,ageclass_40_49_var,ageclass_50_59_var,ageclass_60_69_var,ageclass_70_79_var,ageclass_80_89_var,ageclass_90_99_var,ageclass_0_9_mean,ageclass_10_19_mean,ageclass_20_29_mean,ageclass_30_39_mean,ageclass_40_49_mean,ageclass_50_59_mean,ageclass_60_69_mean,ageclass_70_79_mean,ageclass_80_89_mean,ageclass_90_99_mean,day
610297.1111111108,10740587.288888909,6981808.844444435,4581620.488888881,10178035.511111058,213915471.51111057,503037983.28888583,1278914572.2333322,358507849.51111114,37005804.666666634,23165.0,149236.2,194180.2,179713.6,341839.8,1158091.8,2329221.2,3291745.7,2608506.8,492241.0,0
610297.1111111108,10740587.288888909,6981808.844444435,4581620.488888881,10178035.511111058,213915471.51111057,503037983.28888583,1278914572.2333322,358507849.51111114,37005804.666666634,23165.0,149236.2,194180.2,179713.6,341839.8,1158091.8,2329221.2,3291745.7,2608506.8,492241.0,1
