Ageclass_0-9_var,Ageclass_10-19_var,Ageclass_20-29_var,Ageclass_30-39_var,Ageclass_40-49_var,Ageclass_50-59_var,Ageclass_60-69_var,Ageclass_70-79_var,Ageclass_80-89_var,Ageclass_90-99_var,Ageclass_0-9_mean,Ageclass_10-19_mean,Ageclass_20-29_mean,Ageclass_30-39_mean,Ageclass_40-49_mean,Ageclass_50-59_mean,Ageclass_60-69_mean,Ageclass_70-79_mean,Ageclass_80-89_mean,Ageclass_90-99_mean,day
1011766.9333333317,9251342.100000005,5218221.822222234,10767119.955555568,40650308.622222245,319567703.5111112,1081010270.4888895,2205079659.344447,1460414373.7888868,61542946.98888891,21890.6,143053.9,187734.6,172859.8,329019.2,1117009.2,2243977.6,3173948.7,2512906.3,473707.1,1
