Ageclass_0-9_var,Ageclass_10-19_var,Ageclass_20-29_var,Ageclass_30-39_var,Ageclass_40-49_var,Ageclass_50-59_var,Ageclass_60-69_var,Ageclass_70-79_var,Ageclass_80-89_var,Ageclass_90-99_var,Ageclass_0-9_mean,Ageclass_10-19_mean,Ageclass_20-29_mean,Ageclass_30-39_mean,Ageclass_40-49_mean,Ageclass_50-59_mean,Ageclass_60-69_mean,Ageclass_70-79_mean,Ageclass_80-89_mean,Ageclass_90-99_mean,day
629093.3444444451,2883969.9555555447,10733523.333333345,6606048.177777789,31323745.60000001,81986164.26666625,650285421.3777784,1193468466.4000003,670731854.4444438,34275881.16666665,20261.7,151680.8,197141.0,179941.2,354219.6,1202874.4,2422731.4,3426373.8,2714584.0,510173.5,1
