ageclass_0_9_var,ageclass_10_19_var,ageclass_20_29_var,ageclass_30_39_var,ageclass_40_49_var,ageclass_50_59_var,ageclass_60_69_var,ageclass_70_79_var,ageclass_80_89_var,ageclass_90_99_var,ageclass_0_9_mean,ageclass_10_19_mean,ageclass_20_29_mean,ageclass_30_39_mean,ageclass_40_49_mean,ageclass_50_59_mean,ageclass_60_69_mean,ageclass_70_79_mean,ageclass_80_89_mean,ageclass_90_99_mean,day
751156.0555555556,4461114.98888889,14968258.766666707,20509530.6777778,3453156.5444444125,101593278.7666663,284709790.1000006,860936910.177778,341074526.5444426,12452268.011111137,20847.5,140089.9,181664.9,165353.3,318978.1,1078276.1,2166402.1,3065320.8,2436559.9,459257.3,0
751156.0555555556,4461114.98888889,14968258.766666707,20509530.6777778,3453156.5444444125,101593278.7666663,284709790.1000006,860936910.177778,341074526.5444426,12452268.011111137,20847.5,140089.9,181664.9,165353.3,318978.1,1078276.1,2166402.1,3065320.8,2436559.9,459257.3,1
