ageclass_0_9_var,ageclass_10_19_var,ageclass_20_29_var,ageclass_30_39_var,ageclass_40_49_var,ageclass_50_59_var,ageclass_60_69_var,ageclass_70_79_var,ageclass_80_89_var,ageclass_90_99_var,ageclass_0_9_mean,ageclass_10_19_mean,ageclass_20_29_mean,ageclass_30_39_mean,ageclass_40_49_mean,ageclass_50_59_mean,ageclass_60_69_mean,ageclass_70_79_mean,ageclass_80_89_mean,ageclass_90_99_mean,day
610805.2888888879,4455055.9555555545,9118181.566666657,9611745.655555554,16927450.222222243,90488900.2666669,500326541.83333397,1267391410.7111106,797912370.8999995,37563550.54444444,23418.2,132698.8,170055.7,159896.1,299485.0,1004469.6,2017303.5,2845410.6,2257082.3,425116.1,0
610805.2888888879,4455055.9555555545,9118181.566666657,9611745.655555554,16927450.222222243,90488900.2666669,500326541.83333397,1267391410.7111106,797912370.8999995,37563550.54444444,23418.2,132698.8,170055.7,159896.1,299485.0,1004469.6,2017303.5,2845410.6,2257082.3,425116.1,1
