Ageclass_0-9_var,Ageclass_10-19_var,Ageclass_20-29_var,Ageclass_30-39_var,Ageclass_40-49_var,Ageclass_50-59_var,Ageclass_60-69_var,Ageclass_70-79_var,Ageclass_80-89_var,Ageclass_90-99_var,Ageclass_0-9_mean,Ageclass_10-19_mean,Ageclass_20-29_mean,Ageclass_30-39_mean,Ageclass_40-49_mean,Ageclass_50-59_mean,Ageclass_60-69_mean,Ageclass_70-79_mean,Ageclass_80-89_mean,Ageclass_90-99_mean,day
650804.7111111117,7847124.899999998,11473014.100000005,4408090.099999958,25225777.34444446,242082898.2333331,1220088417.511111,2130947845.6555562,1172166135.0666666,57929741.95555557,25525.6,123876.3,159052.9,148521.1,272071.7,904871.3,1811417.2,2546189.9,2026610.8,383157.2,1
