ageclass_0_9_var,ageclass_10_19_var,ageclass_20_29_var,ageclass_30_39_var,ageclass_40_49_var,ageclass_50_59_var,ageclass_60_69_var,ageclass_70_79_var,ageclass_80_89_var,ageclass_90_99_var,ageclass_0_9_mean,ageclass_10_19_mean,ageclass_20_29_mean,ageclass_30_39_mean,ageclass_40_49_mean,ageclass_50_59_mean,ageclass_60_69_mean,ageclass_70_79_mean,ageclass_80_89_mean,ageclass_90_99_mean,day
376256.7666666667,11346113.611111118,14256839.122222237,9763148.54444446,16503705.377777675,249951477.1666672,770622407.2111124,1287425053.7333333,1155857288.8999968,29705187.344444502,23818.9,150677.5,194070.7,179476.1,344021.4,1159012.5,2326763.9,3286143.2,2608895.7,489931.3,0
376256.7666666667,11346113.611111118,14256839.122222237,9763148.54444446,16503705.377777675,249951477.1666672,770622407.2111124,1287425053.7333333,1155857288.8999968,29705187.344444502,23818.9,150677.5,194070.7,179476.1,344021.4,1159012.5,2326763.9,3286143.2,2608895.7,489931.3,1
