ageclass_0_9_var,ageclass_10_19_var,ageclass_20_29_var,ageclass_30_39_var,ageclass_40_49_var,ageclass_50_59_var,ageclass_60_69_var,ageclass_70_79_var,ageclass_80_89_var,ageclass_90_99_var,ageclass_0_9_mean,ageclass_10_19_mean,ageclass_20_29_mean,ageclass_30_39_mean,ageclass_40_49_mean,ageclass_50_59_mean,ageclass_60_69_mean,ageclass_70_79_mean,ageclass_80_89_mean,ageclass_90_99_mean,day
733779.822222224,5421383.822222214,9286655.155555569,4297802.6222222,27526511.655555516,113777802.05555563,345050963.0666677,891241080.2666696,503849527.1222265,17097347.78888895,21287.6,150336.6,195357.4,180743.8,347620.1,1177597.5,2374279.2,3363211.6,2661068.7,499896.7,0
733779.822222224,5421383.822222214,9286655.155555569,4297802.6222222,27526511.655555516,113777802.05555563,345050963.0666677,891241080.2666696,503849527.1222265,17097347.78888895,21287.6,150336.6,195357.4,180743.8,347620.1,1177597.5,2374279.2,3363211.6,2661068.7,499896.7,1
