ageclass_0_9_var,ageclass_10_19_var,ageclass_20_29_var,ageclass_30_39_var,ageclass_40_49_var,ageclass_50_59_var,ageclass_60_69_var,ageclass_70_79_var,ageclass_80_89_var,ageclass_90_99_var,ageclass_0_9_mean,ageclass_10_19_mean,ageclass_20_29_mean,ageclass_30_39_mean,ageclass_40_49_mean,ageclass_50_59_mean,ageclass_60_69_mean,ageclass_70_79_mean,ageclass_80_89_mean,ageclass_90_99_mean,day
635094.1777777777,5275106.233333335,8145923.87777778,9037753.5111111,15740388.011111097,276150075.12222195,645905380.0999978,1138999657.5111132,1031222362.4555601,59417100.22222225,21283.2,149246.3,193791.1,177764.8,343735.7,1166770.3,2347610.9,3320416.2,2632383.7,496679.0,0
635094.1777777777,5275106.233333335,8145923.87777778,9037753.5111111,15740388.011111097,276150075.12222195,645905380.0999978,1138999657.5111132,1031222362.4555601,59417100.22222225,21283.2,149246.3,193791.1,177764.8,343735.7,1166770.3,2347610.9,3320416.2,2632383.7,496679.0,1
