ageclass_0_9_var,ageclass_10_19_var,ageclass_20_29_var,ageclass_30_39_var,ageclass_40_49_var,ageclass_50_59_var,ageclass_60_69_var,ageclass_70_79_var,ageclass_80_89_var,ageclass_90_99_var,ageclass_0_9_mean,ageclass_10_19_mean,ageclass_20_29_mean,ageclass_30_39_mean,ageclass_40_49_mean,ageclass_50_59_mean,ageclass_60_69_mean,ageclass_70_79_mean,ageclass_80_89_mean,ageclass_90_99_mean,day
1106938.0111111093,10209072.455555582,13941428.04444445,10773053.511111123,28152817.51111116,175065007.12222132,612919726.622226,1276382318.3999972,801510509.4333341,41860616.444444485,22707.7,142594.7,183368.6,170951.8,324662.8,1088912.3,2191696.8,3097994.8,2454518.9,463637.0,0
1106938.0111111093,10209072.455555582,13941428.04444445,10773053.511111123,28152817.51111116,175065007.12222132,612919726.622226,1276382318.3999972,801510509.4333341,41860616.444444485,22707.7,142594.7,183368.6,170951.8,324662.8,1088912.3,2191696.8,3097994.8,2454518.9,463637.0,1
