Ageclass_0-9_var,Ageclass_10-19_var,Ageclass_20-29_var,Ageclass_30-39_var,Ageclass_40-49_var,Ageclass_50-59_var,Ageclass_60-69_var,Ageclass_70-79_var,Ageclass_80-89_var,Ageclass_90-99_var,Ageclass_0-9_mean,Ageclass_10-19_mean,Ageclass_20-29_mean,Ageclass_30-39_mean,Ageclass_40-49_mean,Ageclass_50-59_mean,Ageclass_60-69_mean,Ageclass_70-79_mean,Ageclass_80-89_mean,Ageclass_90-99_mean,day
1099181.611111111,4560406.544444435,21111088.844444465,6245563.600000003,23215080.544444486,352787926.677778,1655691552.4444435,2699820596.233332,1789645709.3888826,54965844.89999984,23438.5,125986.1,163609.8,153270.4,284144.1,949917.7,1901565.0,2676240.7,2127695.5,400224.3,1
