Ageclass_0-9_var,Ageclass_10-19_var,Ageclass_20-29_var,Ageclass_30-39_var,Ageclass_40-49_var,Ageclass_50-59_var,Ageclass_60-69_var,Ageclass_70-79_var,Ageclass_80-89_var,Ageclass_90-99_var,Ageclass_0-9_mean,Ageclass_10-19_mean,Ageclass_20-29_mean,Ageclass_30-39_mean,Ageclass_40-49_mean,Ageclass_50-59_mean,Ageclass_60-69_mean,Ageclass_70-79_mean,Ageclass_80-89_mean,Ageclass_90-99_mean,day
1376476.499999999,3236223.377777775,23933098.277777806,2799021.122222228,19381881.733333375,146836272.32222164,683380804.9888898,1788014856.044448,684793475.9555538,65460031.06666671,21724.5,146546.6,192749.5,178643.3,343430.2,1159970.1,2333629.9,3300715.6,2616966.8,491561.2,1
