ageclass_0_9_var,ageclass_10_19_var,ageclass_20_29_var,ageclass_30_39_var,ageclass_40_49_var,ageclass_50_59_var,ageclass_60_69_var,ageclass_70_79_var,ageclass_80_89_var,ageclass_90_99_var,ageclass_0_9_mean,ageclass_10_19_mean,ageclass_20_29_mean,ageclass_30_39_mean,ageclass_40_49_mean,ageclass_50_59_mean,ageclass_60_69_mean,ageclass_70_79_mean,ageclass_80_89_mean,ageclass_90_99_mean,day
700849.1555555558,6730967.822222237,4398295.655555523,6644684.266666669,13710028.399999924,195778406.01111054,906169902.9888912,1052143837.8222147,742075507.122225,46206548.23333322,21535.4,146665.4,189050.1,173749.4,331609.8,1130199.3,2267551.1,3203650.4,2540902.7,477464.7,0
700849.1555555558,6730967.822222237,4398295.655555523,6644684.266666669,13710028.399999924,195778406.01111054,906169902.9888912,1052143837.8222147,742075507.122225,46206548.23333322,21535.4,146665.4,189050.1,173749.4,331609.8,1130199.3,2267551.1,3203650.4,2540902.7,477464.7,1
