ageclass_0_9_var,ageclass_10_19_var,ageclass_20_29_var,ageclass_30_39_var,ageclass_40_49_var,ageclass_50_59_var,ageclass_60_69_var,ageclass_70_79_var,ageclass_80_89_var,ageclass_90_99_var,ageclass_0_9_mean,ageclass_10_19_mean,ageclass_20_29_mean,ageclass_30_39_mean,ageclass_40_49_mean,ageclass_50_59_mean,ageclass_60_69_mean,ageclass_70_79_mean,ageclass_80_89_mean,ageclass_90_99_mean,day
1447893.1555555554,2173482.7111111116,4407358.233333326,4551410.944444448,34692067.777778074,145281418.9888885,512831082.8444452,679194044.3222235,620945682.5000012,11649866.277777761,24767.4,138924.4,180016.3,165782.5,315854.0,1053551.9,2113981.2,2988262.9,2372750.5,447519.5,0
1447893.1555555554,2173482.7111111116,4407358.233333326,4551410.944444448,34692067.777778074,145281418.9888885,512831082.8444452,679194044.3222235,620945682.5000012,11649866.277777761,24767.4,138924.4,180016.3,165782.5,315854.0,1053551.9,2113981.2,2988262.9,2372750.5,447519.5,1
