Ageclass_0-9_var,Ageclass_10-19_var,Ageclass_20-29_var,Ageclass_30-39_var,Ageclass_40-49_var,Ageclass_50-59_var,Ageclass_60-69_var,Ageclass_70-79_var,Ageclass_80-89_var,Ageclass_90-99_var,Ageclass_0-9_mean,Ageclass_10-19_mean,Ageclass_20-29_mean,Ageclass_30-39_mean,Ageclass_40-49_mean,Ageclass_50-59_mean,Ageclass_60-69_mean,Ageclass_70-79_mean,Ageclass_80-89_mean,Ageclass_90-99_mean,day
465714.4888888898,7404415.511111111,9083922.455555554,14605631.599999921,28314274.844444457,288030204.88888925,1015338879.1555563,1976101200.622222,1078680490.6777794,67454079.51111108,22406.4,130005.2,167116.3,155292.4,293371.2,984344.0,1968918.6,2783160.8,2206618.7,414657.8,1
