ageclass_0_9_var,ageclass_10_19_var,ageclass_20_29_var,ageclass_30_39_var,ageclass_40_49_var,ageclass_50_59_var,ageclass_60_69_var,ageclass_70_79_var,ageclass_80_89_var,ageclass_90_99_var,ageclass_0_9_mean,ageclass_10_19_mean,ageclass_20_29_mean,ageclass_30_39_mean,ageclass_40_49_mean,ageclass_50_59_mean,ageclass_60_69_mean,ageclass_70_79_mean,ageclass_80_89_mean,ageclass_90_99_mean,day
1257952.622222222,5038023.344444439,6945083.34444445,10560903.333333328,39460672.72222224,251190970.44444454,1326991145.4333334,2992313460.7222214,2095685520.766667,59249022.17777772,26215.8,110512.3,140694.7,133893.0,240631.5,786401.0,1564654.9,2204144.5,1751123.9,327999.8,0
1257952.622222222,5038023.344444439,6945083.34444445,10560903.333333328,39460672.72222224,251190970.44444454,1326991145.4333334,2992313460.7222214,2095685520.766667,59249022.17777772,26215.8,110512.3,140694.7,133893.0,240631.5,786401.0,1564654.9,2204144.5,1751123.9,327999.8,1
