ageclass_0_9_var,ageclass_10_19_var,ageclass_20_29_var,ageclass_30_39_var,ageclass_40_49_var,ageclass_50_59_var,ageclass_60_69_var,ageclass_70_79_var,ageclass_80_89_var,ageclass_90_99_var,ageclass_0_9_mean,ageclass_10_19_mean,ageclass_20_29_mean,ageclass_30_39_mean,ageclass_40_49_mean,ageclass_50_59_mean,ageclass_60_69_mean,ageclass_70_79_mean,ageclass_80_89_mean,ageclass_90_99_mean,day
813314.3222222226,8225137.777777776,12405897.21111112,5472187.955555544,40234719.0666666,251061057.34444332,1615781370.4888864,2253834974.322226,1525747716.1777716,69263743.3777779,23825.1,147559.0,194162.1,175954.2,340934.2,1146149.7,2294359.4,3251670.1,2578545.2,483567.4,0
813314.3222222226,8225137.777777776,12405897.21111112,5472187.955555544,40234719.0666666,251061057.34444332,1615781370.4888864,2253834974.322226,1525747716.1777716,69263743.3777779,23825.1,147559.0,194162.1,175954.2,340934.2,1146149.7,2294359.4,3251670.1,2578545.2,483567.4,1
