ageclass_0_9_var,ageclass_10_19_var,ageclass_20_29_var,ageclass_30_39_var,ageclass_40_49_var,ageclass_50_59_var,ageclass_60_69_var,ageclass_70_79_var,ageclass_80_89_var,ageclass_90_99_var,ageclass_0_9_mean,ageclass_10_19_mean,ageclass_20_29_mean,ageclass_30_39_mean,ageclass_40_49_mean,ageclass_50_59_mean,ageclass_60_69_mean,ageclass_70_79_mean,ageclass_80_89_mean,ageclass_90_99_mean,day
488592.94444444485,3570500.233333333,1431381.1222222252,4944814.933333289,20842984.98888887,49112712.84444465,282166155.7888877,634456646.0444455,374926375.1666677,19830706.711111113,21592.5,142061.7,183629.7,170557.4,326417.1,1101124.2,2214099.3,3130787.6,2480016.5,467671.4,0
488592.94444444485,3570500.233333333,1431381.1222222252,4944814.933333289,20842984.98888887,49112712.84444465,282166155.7888877,634456646.0444455,374926375.1666677,19830706.711111113,21592.5,142061.7,183629.7,170557.4,326417.1,1101124.2,2214099.3,3130787.6,2480016.5,467671.4,1
