ageclass_0_9_var,ageclass_10_19_var,ageclass_20_29_var,ageclass_30_39_var,ageclass_40_49_var,ageclass_50_59_var,ageclass_60_69_var,ageclass_70_79_var,ageclass_80_89_var,ageclass_90_99_var,ageclass_0_9_mean,ageclass_10_19_mean,ageclass_20_29_mean,ageclass_30_39_mean,ageclass_40_49_mean,ageclass_50_59_mean,ageclass_60_69_mean,ageclass_70_79_mean,ageclass_80_89_mean,ageclass_90_99_mean,day
430320.90000000026,3547456.48888889,21309525.155555516,7110636.444444439,45740286.22222223,265458361.5111114,1522937949.7888904,3122197196.1777816,1641526577.833332,92498788.66666663,23895.7,147307.4,189725.6,174349.0,333445.0,1126754.2,2258258.7,3187989.2,2532135.5,478462.0,0
430320.90000000026,3547456.48888889,21309525.155555516,7110636.444444439,45740286.22222223,265458361.5111114,1522937949.7888904,3122197196.1777816,1641526577.833332,92498788.66666663,23895.7,147307.4,189725.6,174349.0,333445.0,1126754.2,2258258.7,3187989.2,2532135.5,478462.0,1
