ageclass_0_9_var,ageclass_10_19_var,ageclass_20_29_var,ageclass_30_39_var,ageclass_40_49_var,ageclass_50_59_var,ageclass_60_69_var,ageclass_70_79_var,ageclass_80_89_var,ageclass_90_99_var,ageclass_0_9_mean,ageclass_10_19_mean,ageclass_20_29_mean,ageclass_30_39_mean,ageclass_40_49_mean,ageclass_50_59_mean,ageclass_60_69_mean,ageclass_70_79_mean,ageclass_80_89_mean,ageclass_90_99_mean,day
1756953.7888888882,7567860.722222219,5751052.84444446,8084316.177777752,43682653.37777776,229812285.1555553,925288503.7777772,1838680667.8777728,1313484556.6777778,40217557.111111075,22902.3,116210.5,151270.8,142775.8,258265.6,858719.4,1716103.0,2416200.9,1920929.7,360095.0,0
1756953.7888888882,7567860.722222219,5751052.84444446,8084316.177777752,43682653.37777776,229812285.1555553,925288503.7777772,1838680667.8777728,1313484556.6777778,40217557.111111075,22902.3,116210.5,151270.8,142775.8,258265.6,858719.4,1716103.0,2416200.9,1920929.7,360095.0,1
