ageclass_0_9_var,ageclass_10_19_var,ageclass_20_29_var,ageclass_30_39_var,ageclass_40_49_var,ageclass_50_59_var,ageclass_60_69_var,ageclass_70_79_var,ageclass_80_89_var,ageclass_90_99_var,ageclass_0_9_mean,ageclass_10_19_mean,ageclass_20_29_mean,ageclass_30_39_mean,ageclass_40_49_mean,ageclass_50_59_mean,ageclass_60_69_mean,ageclass_70_79_mean,ageclass_80_89_mean,ageclass_90_99_mean,day
343957.16666666645,14076556.844444444,18065568.933333337,7213482.900000028,59740174.26666662,428116534.0111113,1760239606.7666652,3227916001.566666,2348134836.0999928,128297727.34444445,20544.5,144089.2,188287.6,173346.7,333604.4,1130114.7,2275016.9,3211690.7,2547917.9,478436.7,0
343957.16666666645,14076556.844444444,18065568.933333337,7213482.900000028,59740174.26666662,428116534.0111113,1760239606.7666652,3227916001.566666,2348134836.0999928,128297727.34444445,20544.5,144089.2,188287.6,173346.7,333604.4,1130114.7,2275016.9,3211690.7,2547917.9,478436.7,1
