ageclass_0_9_var,ageclass_10_19_var,ageclass_20_29_var,ageclass_30_39_var,ageclass_40_49_var,ageclass_50_59_var,ageclass_60_69_var,ageclass_70_79_var,ageclass_80_89_var,ageclass_90_99_var,ageclass_0_9_mean,ageclass_10_19_mean,ageclass_20_29_mean,ageclass_30_39_mean,ageclass_40_49_mean,ageclass_50_59_mean,ageclass_60_69_mean,ageclass_70_79_mean,ageclass_80_89_mean,ageclass_90_99_mean,day
234522.23333333366,4698579.955555562,11474506.277777772,5873187.122222215,26210481.733333472,203871839.37777877,475902714.4888878,1222024758.5444453,960366259.5111103,52499969.06666685,22448.3,150549.2,196160.5,180714.3,346674.8,1180223.6,2370945.4,3351369.1,2655438.2,501344.2,0
234522.23333333366,4698579.955555562,11474506.277777772,5873187.122222215,26210481.733333472,203871839.37777877,475902714.4888878,1222024758.5444453,960366259.5111103,52499969.06666685,22448.3,150549.2,196160.5,180714.3,346674.8,1180223.6,2370945.4,3351369.1,2655438.2,501344.2,1
