Ageclass_0-9_var,Ageclass_10-19_var,Ageclass_20-29_var,Ageclass_30-39_var,Ageclass_40-49_var,Ageclass_50-59_var,Ageclass_60-69_var,Ageclass_70-79_var,Ageclass_80-89_var,Ageclass_90-99_var,Ageclass_0-9_mean,Ageclass_10-19_mean,Ageclass_20-29_mean,Ageclass_30-39_mean,Ageclass_40-49_mean,Ageclass_50-59_mean,Ageclass_60-69_mean,Ageclass_70-79_mean,Ageclass_80-89_mean,Ageclass_90-99_mean,day
1215572.8444444449,14395573.999999994,39895683.65555556,26136840.50000003,112317235.4333333,1130072818.0999994,4878380744.400003,9362252894.455544,6290802769.566674,194055783.8333332,23261.2,101551.0,132118.1,123415.5,224368.9,735365.1,1451676.2,2045418.7,1625812.7,303972.5,1
