ageclass_0_9_var,ageclass_10_19_var,ageclass_20_29_var,ageclass_30_39_var,ageclass_40_49_var,ageclass_50_59_var,ageclass_60_69_var,ageclass_70_79_var,ageclass_80_89_var,ageclass_90_99_var,ageclass_0_9_mean,ageclass_10_19_mean,ageclass_20_29_mean,ageclass_30_39_mean,ageclass_40_49_mean,ageclass_50_59_mean,ageclass_60_69_mean,ageclass_70_79_mean,ageclass_80_89_mean,ageclass_90_99_mean,day
556759.7888888898,11671381.511111153,7790853.155555563,4590041.288888881,49516133.11111112,125365699.83333339,638838265.3444448,1342289865.1666625,808551909.5999988,23115062.844444443,22544.7,141549.2,182420.6,168957.8,320521.0,1082927.5,2174239.7,3082757.5,2442468.4,459591.8,0
556759.7888888898,11671381.511111153,7790853.155555563,4590041.288888881,49516133.11111112,125365699.83333339,638838265.3444448,1342289865.1666625,808551909.5999988,23115062.844444443,22544.7,141549.2,182420.6,168957.8,320521.0,1082927.5,2174239.7,3082757.5,2442468.4,459591.8,1
