Ageclass_0-9_var,Ageclass_10-19_var,Ageclass_20-29_var,Ageclass_30-39_var,Ageclass_40-49_var,Ageclass_50-59_var,Ageclass_60-69_var,Ageclass_70-79_var,Ageclass_80-89_var,Ageclass_90-99_var,Ageclass_0-9_mean,Ageclass_10-19_mean,Ageclass_20-29_mean,Ageclass_30-39_mean,Ageclass_40-49_mean,Ageclass_50-59_mean,Ageclass_60-69_mean,Ageclass_70-79_mean,Ageclass_80-89_mean,Ageclass_90-99_mean,day
1444055.7333333334,12412522.099999987,32162412.72222219,10217360.399999999,61219320.93333333,554592885.3777777,2869373608.2666645,5372331087.377775,3433938069.155557,117388738.76666652,22848.2,118302.9,154909.5,145786.8,267321.4,883352.6,1772904.4,2494663.4,1977743.6,372499.9,1
