ageclass_0_9_var,ageclass_10_19_var,ageclass_20_29_var,ageclass_30_39_var,ageclass_40_49_var,ageclass_50_59_var,ageclass_60_69_var,ageclass_70_79_var,ageclass_80_89_var,ageclass_90_99_var,ageclass_0_9_mean,ageclass_10_19_mean,ageclass_20_29_mean,ageclass_30_39_mean,ageclass_40_49_mean,ageclass_50_59_mean,ageclass_60_69_mean,ageclass_70_79_mean,ageclass_80_89_mean,ageclass_90_99_mean,day
1047573.2111111105,11181248.499999993,16033616.933333341,12431183.555555576,31272417.566666644,312740496.8444443,963856502.8444453,1538000750.1777785,977032276.2666653,24027245.655555606,20687.1,133231.5,172084.4,161871.0,303443.3,1025560.2,2057462.2,2907749.2,2314777.4,434931.1,0
1047573.2111111105,11181248.499999993,16033616.933333341,12431183.555555576,31272417.566666644,312740496.8444443,963856502.8444453,1538000750.1777785,977032276.2666653,24027245.655555606,20687.1,133231.5,172084.4,161871.0,303443.3,1025560.2,2057462.2,2907749.2,2314777.4,434931.1,1
