Ageclass_0-9_var,Ageclass_10-19_var,Ageclass_20-29_var,Ageclass_30-39_var,Ageclass_40-49_var,Ageclass_50-59_var,Ageclass_60-69_var,Ageclass_70-79_var,Ageclass_80-89_var,Ageclass_90-99_var,Ageclass_0-9_mean,Ageclass_10-19_mean,Ageclass_20-29_mean,Ageclass_30-39_mean,Ageclass_40-49_mean,Ageclass_50-59_mean,Ageclass_60-69_mean,Ageclass_70-79_mean,Ageclass_80-89_mean,Ageclass_90-99_mean,day
420556.011111112,13817890.766666673,14029839.066666674,11013301.555555558,62017477.34444441,628090111.7333329,2535518381.2888894,5212230519.733333,3375383556.044446,129328649.43333332,22531.7,88383.1,114143.8,109057.0,192666.3,620306.2,1225432.8,1725530.8,1373042.6,256284.9,1
