ageclass_0_9_var,ageclass_10_19_var,ageclass_20_29_var,ageclass_30_39_var,ageclass_40_49_var,ageclass_50_59_var,ageclass_60_69_var,ageclass_70_79_var,ageclass_80_89_var,ageclass_90_99_var,ageclass_0_9_mean,ageclass_10_19_mean,ageclass_20_29_mean,ageclass_30_39_mean,ageclass_40_49_mean,ageclass_50_59_mean,ageclass_60_69_mean,ageclass_70_79_mean,ageclass_80_89_mean,ageclass_90_99_mean,day
615014.2333333333,3755772.222222208,2905617.166666656,5110900.177777782,17551489.655555513,115393703.83333299,492101718.3999989,1224950235.1111076,649452304.7666653,13621205.333333319,22239.3,153979.0,199337.5,182746.8,352707.1,1201411.5,2413041.2,3402006.0,2701096.1,507994.0,0
615014.2333333333,3755772.222222208,2905617.166666656,5110900.177777782,17551489.655555513,115393703.83333299,492101718.3999989,1224950235.1111076,649452304.7666653,13621205.333333319,22239.3,153979.0,199337.5,182746.8,352707.1,1201411.5,2413041.2,3402006.0,2701096.1,507994.0,1
