ageclass_0_9_var,ageclass_10_19_var,ageclass_20_29_var,ageclass_30_39_var,ageclass_40_49_var,ageclass_50_59_var,ageclass_60_69_var,ageclass_70_79_var,ageclass_80_89_var,ageclass_90_99_var,ageclass_0_9_mean,ageclass_10_19_mean,ageclass_20_29_mean,ageclass_30_39_mean,ageclass_40_49_mean,ageclass_50_59_mean,ageclass_60_69_mean,ageclass_70_79_mean,ageclass_80_89_mean,ageclass_90_99_mean,day
445626.4444444441,9703054.766666673,1681735.7777777696,12769778.488888899,21514561.3333333,71314033.51111121,528615368.9000018,969354827.2111079,361991794.0444478,25879438.499999993,24540.0,145375.1,185389.0,172053.6,326629.0,1101960.8,2202335.7,3112002.9,2464222.6,466121.5,0
445626.4444444441,9703054.766666673,1681735.7777777696,12769778.488888899,21514561.3333333,71314033.51111121,528615368.9000018,969354827.2111079,361991794.0444478,25879438.499999993,24540.0,145375.1,185389.0,172053.6,326629.0,1101960.8,2202335.7,3112002.9,2464222.6,466121.5,1
