ageclass_0_9_var,ageclass_10_19_var,ageclass_20_29_var,ageclass_30_39_var,ageclass_40_49_var,ageclass_50_59_var,ageclass_60_69_var,ageclass_70_79_var,ageclass_80_89_var,ageclass_90_99_var,ageclass_0_9_mean,ageclass_10_19_mean,ageclass_20_29_mean,ageclass_30_39_mean,ageclass_40_49_mean,ageclass_50_59_mean,ageclass_60_69_mean,ageclass_70_79_mean,ageclass_80_89_mean,ageclass_90_99_mean,day
355032.8888888894,15583153.166666653,12888905.166666672,13926535.377777763,55175761.833333336,901142208.9333334,2545127561.5111113,5990789100.000003,2677399181.211108,133590373.15555556,22313.0,130882.5,170013.5,159295.4,295798.5,1001353.6,1999622.8,2821619.0,2236989.9,423404.6,0
355032.8888888894,15583153.166666653,12888905.166666672,13926535.377777763,55175761.833333336,901142208.9333334,2545127561.5111113,5990789100.000003,2677399181.211108,133590373.15555556,22313.0,130882.5,170013.5,159295.4,295798.5,1001353.6,1999622.8,2821619.0,2236989.9,423404.6,1
