ageclass_0_9_var,ageclass_10_19_var,ageclass_20_29_var,ageclass_30_39_var,ageclass_40_49_var,ageclass_50_59_var,ageclass_60_69_var,ageclass_70_79_var,ageclass_80_89_var,ageclass_90_99_var,ageclass_0_9_mean,ageclass_10_19_mean,ageclass_20_29_mean,ageclass_30_39_mean,ageclass_40_49_mean,ageclass_50_59_mean,ageclass_60_69_mean,ageclass_70_79_mean,ageclass_80_89_mean,ageclass_90_99_mean,day
692305.3444444446,16932061.8777778,17789232.9,18509359.11111112,66012900.233333334,800363778.0111111,3374059461.1111116,6692801852.544445,4175706034.711111,145358599.51111093,23471.3,56348.1,70674.3,68630.0,109296.3,321566.7,618906.0,852777.9,682601.4,127161.8,0
692305.3444444446,16932061.8777778,17789232.9,18509359.11111112,66012900.233333334,800363778.0111111,3374059461.1111116,6692801852.544445,4175706034.711111,145358599.51111093,23471.3,56348.1,70674.3,68630.0,109296.3,321566.7,618906.0,852777.9,682601.4,127161.8,1
