ageclass_0_9_var,ageclass_10_19_var,ageclass_20_29_var,ageclass_30_39_var,ageclass_40_49_var,ageclass_50_59_var,ageclass_60_69_var,ageclass_70_79_var,ageclass_80_89_var,ageclass_90_99_var,ageclass_0_9_mean,ageclass_10_19_mean,ageclass_20_29_mean,ageclass_30_39_mean,ageclass_40_49_mean,ageclass_50_59_mean,ageclass_60_69_mean,ageclass_70_79_mean,ageclass_80_89_mean,ageclass_90_99_mean,day
578903.1222222224,6222590.888888892,6351311.511111114,8879066.711111113,24854986.399999984,199294731.43333367,764389064.8444444,1048726005.4333384,886405154.9333348,40584073.34444428,21105.7,129796.0,167705.2,156125.6,296618.2,994430.9,2001172.8,2825974.1,2239392.4,421226.3,0
578903.1222222224,6222590.888888892,6351311.511111114,8879066.711111113,24854986.399999984,199294731.43333367,764389064.8444444,1048726005.4333384,886405154.9333348,40584073.34444428,21105.7,129796.0,167705.2,156125.6,296618.2,994430.9,2001172.8,2825974.1,2239392.4,421226.3,1
