ageclass_0_9_var,ageclass_10_19_var,ageclass_20_29_var,ageclass_30_39_var,ageclass_40_49_var,ageclass_50_59_var,ageclass_60_69_var,ageclass_70_79_var,ageclass_80_89_var,ageclass_90_99_var,ageclass_0_9_mean,ageclass_10_19_mean,ageclass_20_29_mean,ageclass_30_39_mean,ageclass_40_49_mean,ageclass_50_59_mean,ageclass_60_69_mean,ageclass_70_79_mean,ageclass_80_89_mean,ageclass_90_99_mean,day
342756.44444444426,3696479.7333333166,5934095.566666673,9143132.177777775,34184121.15555557,179715353.51111126,617137187.8777771,1246522749.2888904,731725223.511109,64292825.77777771,24635.0,130686.2,168729.3,157421.8,293927.4,977302.2,1963664.1,2772436.8,2198066.8,414023.0,0
342756.44444444426,3696479.7333333166,5934095.566666673,9143132.177777775,34184121.15555557,179715353.51111126,617137187.8777771,1246522749.2888904,731725223.511109,64292825.77777771,24635.0,130686.2,168729.3,157421.8,293927.4,977302.2,1963664.1,2772436.8,2198066.8,414023.0,1
