ageclass_0_9_var,ageclass_10_19_var,ageclass_20_29_var,ageclass_30_39_var,ageclass_40_49_var,ageclass_50_59_var,ageclass_60_69_var,ageclass_70_79_var,ageclass_80_89_var,ageclass_90_99_var,ageclass_0_9_mean,ageclass_10_19_mean,ageclass_20_29_mean,ageclass_30_39_mean,ageclass_40_49_mean,ageclass_50_59_mean,ageclass_60_69_mean,ageclass_70_79_mean,ageclass_80_89_mean,ageclass_90_99_mean,day
1823344.2222222176,4357677.211111095,3958906.7111111092,7929487.511111117,34063634.01111129,143600163.78888905,634423960.900001,1499758278.8999987,850704380.4000025,13612892.399999976,24775.0,146704.1,191120.4,173529.8,338320.3,1130645.3,2279874.3,3212588.7,2547803.2,480495.2,0
1823344.2222222176,4357677.211111095,3958906.7111111092,7929487.511111117,34063634.01111129,143600163.78888905,634423960.900001,1499758278.8999987,850704380.4000025,13612892.399999976,24775.0,146704.1,191120.4,173529.8,338320.3,1130645.3,2279874.3,3212588.7,2547803.2,480495.2,1
