ageclass_0_9_var,ageclass_10_19_var,ageclass_20_29_var,ageclass_30_39_var,ageclass_40_49_var,ageclass_50_59_var,ageclass_60_69_var,ageclass_70_79_var,ageclass_80_89_var,ageclass_90_99_var,ageclass_0_9_mean,ageclass_10_19_mean,ageclass_20_29_mean,ageclass_30_39_mean,ageclass_40_49_mean,ageclass_50_59_mean,ageclass_60_69_mean,ageclass_70_79_mean,ageclass_80_89_mean,ageclass_90_99_mean,day
619241.7333333334,4903419.733333335,13338207.388888886,10771304.711111112,34907016.400000006,454548167.8777778,1820580216.7666667,3753631825.877777,2375692912.8999996,90206723.82222222,26310.2,30251.8,37535.5,37743.4,41125.8,71650.1,100635.9,104238.1,93525.7,17559.6,0
619241.7333333334,4903419.733333335,13338207.388888886,10771304.711111112,34907016.400000006,454548167.8777778,1820580216.7666667,3753631825.877777,2375692912.8999996,90206723.82222222,26310.2,30251.8,37535.5,37743.4,41125.8,71650.1,100635.9,104238.1,93525.7,17559.6,1
