ageclass_0_9_var,ageclass_10_19_var,ageclass_20_29_var,ageclass_30_39_var,ageclass_40_49_var,ageclass_50_59_var,ageclass_60_69_var,ageclass_70_79_var,ageclass_80_89_var,ageclass_90_99_var,ageclass_0_9_mean,ageclass_10_19_mean,ageclass_20_29_mean,ageclass_30_39_mean,ageclass_40_49_mean,ageclass_50_59_mean,ageclass_60_69_mean,ageclass_70_79_mean,ageclass_80_89_mean,ageclass_90_99_mean,day
307951.3777777796,32583988.39999999,43393402.09999999,50141034.00000001,170642405.60000002,2368683184.011111,9561723824.722221,20018203369.955555,12652409647.877777,449894127.8777778,27817.4,45610.2,56476.9,56046.0,78708.4,206291.7,372487.5,496573.2,404728.9,74673.1,0
307951.3777777796,32583988.39999999,43393402.09999999,50141034.00000001,170642405.60000002,2368683184.011111,9561723824.722221,20018203369.955555,12652409647.877777,449894127.8777778,27817.4,45610.2,56476.9,56046.0,78708.4,206291.7,372487.5,496573.2,404728.9,74673.1,1
