Ageclass_0-9_var,Ageclass_10-19_var,Ageclass_20-29_var,Ageclass_30-39_var,Ageclass_40-49_var,Ageclass_50-59_var,Ageclass_60-69_var,Ageclass_70-79_var,Ageclass_80-89_var,Ageclass_90-99_var,Ageclass_0-9_mean,Ageclass_10-19_mean,Ageclass_20-29_mean,Ageclass_30-39_mean,Ageclass_40-49_mean,Ageclass_50-59_mean,Ageclass_60-69_mean,Ageclass_70-79_mean,Ageclass_80-89_mean,Ageclass_90-99_mean,day
1232009.3444444435,7945062.988888894,8212971.655555557,6048864.011111099,23551138.766666725,165601929.78888863,973921158.8999999,1638546968.9333293,925637405.2888904,39977966.10000001,21437.7,146614.9,190064.1,175337.7,339724.1,1149600.7,2314231.7,3261513.4,2587781.8,485566.1,1
