Ageclass_0-9_var,Ageclass_10-19_var,Ageclass_20-29_var,Ageclass_30-39_var,Ageclass_40-49_var,Ageclass_50-59_var,Ageclass_60-69_var,Ageclass_70-79_var,Ageclass_80-89_var,Ageclass_90-99_var,Ageclass_0-9_mean,Ageclass_10-19_mean,Ageclass_20-29_mean,Ageclass_30-39_mean,Ageclass_40-49_mean,Ageclass_50-59_mean,Ageclass_60-69_mean,Ageclass_70-79_mean,Ageclass_80-89_mean,Ageclass_90-99_mean,day
663810.0555555553,26612244.9888889,28909719.21111102,16167983.066666672,109987219.6555555,1424215974.100001,4504994005.377767,8823087875.28889,5176921157.877773,210109698.45555547,21592.5,114052.9,148394.9,138779.8,257904.1,860855.1,1709251.6,2404772.8,1912911.1,359361.3,1
