ageclass_0_9_var,ageclass_10_19_var,ageclass_20_29_var,ageclass_30_39_var,ageclass_40_49_var,ageclass_50_59_var,ageclass_60_69_var,ageclass_70_79_var,ageclass_80_89_var,ageclass_90_99_var,ageclass_0_9_mean,ageclass_10_19_mean,ageclass_20_29_mean,ageclass_30_39_mean,ageclass_40_49_mean,ageclass_50_59_mean,ageclass_60_69_mean,ageclass_70_79_mean,ageclass_80_89_mean,ageclass_90_99_mean,day
941375.3888888893,10592315.34444444,15625482.23333334,12278580.544444444,65437046.98888889,446401088.88888866,1881245240.0555556,4413050632.844443,2039566793.3777783,92041346.26666674,24045.5,105983.7,136023.7,128098.1,232461.9,759551.0,1511928.5,2121698.2,1691491.6,316642.6,0
941375.3888888893,10592315.34444444,15625482.23333334,12278580.544444444,65437046.98888889,446401088.88888866,1881245240.0555556,4413050632.844443,2039566793.3777783,92041346.26666674,24045.5,105983.7,136023.7,128098.1,232461.9,759551.0,1511928.5,2121698.2,1691491.6,316642.6,1
