ageclass_0_9_var,ageclass_10_19_var,ageclass_20_29_var,ageclass_30_39_var,ageclass_40_49_var,ageclass_50_59_var,ageclass_60_69_var,ageclass_70_79_var,ageclass_80_89_var,ageclass_90_99_var,ageclass_0_9_mean,ageclass_10_19_mean,ageclass_20_29_mean,ageclass_30_39_mean,ageclass_40_49_mean,ageclass_50_59_mean,ageclass_60_69_mean,ageclass_70_79_mean,ageclass_80_89_mean,ageclass_90_99_mean,day
984674.9888888887,21712717.377777763,46787991.21111109,31363709.788888905,101515007.73333341,1496371676.322222,5476515843.566669,10188374577.111132,6954961281.8777685,269144793.0666668,24015.9,103379.4,132676.9,125507.3,224907.8,733692.1,1455814.3,2046306.0,1627658.9,306148.8,0
984674.9888888887,21712717.377777763,46787991.21111109,31363709.788888905,101515007.73333341,1496371676.322222,5476515843.566669,10188374577.111132,6954961281.8777685,269144793.0666668,24015.9,103379.4,132676.9,125507.3,224907.8,733692.1,1455814.3,2046306.0,1627658.9,306148.8,1
