ageclass_0_9_var,ageclass_10_19_var,ageclass_20_29_var,ageclass_30_39_var,ageclass_40_49_var,ageclass_50_59_var,ageclass_60_69_var,ageclass_70_79_var,ageclass_80_89_var,ageclass_90_99_var,ageclass_0_9_mean,ageclass_10_19_mean,ageclass_20_29_mean,ageclass_30_39_mean,ageclass_40_49_mean,ageclass_50_59_mean,ageclass_60_69_mean,ageclass_70_79_mean,ageclass_80_89_mean,ageclass_90_99_mean,day
1949771.51111111,12753653.955555549,19918271.155555528,15236161.51111112,86881206.48888901,1087445957.6555557,4163966768.499999,8155231449.655553,5303979626.322224,200358887.65555534,25151.8,108174.8,139369.4,130844.2,236780.6,774162.9,1539851.5,2160459.1,1717277.1,322784.1,0
1949771.51111111,12753653.955555549,19918271.155555528,15236161.51111112,86881206.48888901,1087445957.6555557,4163966768.499999,8155231449.655553,5303979626.322224,200358887.65555534,25151.8,108174.8,139369.4,130844.2,236780.6,774162.9,1539851.5,2160459.1,1717277.1,322784.1,1
