ageclass_0_9_var,ageclass_10_19_var,ageclass_20_29_var,ageclass_30_39_var,ageclass_40_49_var,ageclass_50_59_var,ageclass_60_69_var,ageclass_70_79_var,ageclass_80_89_var,ageclass_90_99_var,ageclass_0_9_mean,ageclass_10_19_mean,ageclass_20_29_mean,ageclass_30_39_mean,ageclass_40_49_mean,ageclass_50_59_mean,ageclass_60_69_mean,ageclass_70_79_mean,ageclass_80_89_mean,ageclass_90_99_mean,day
1546525.2888888887,7740563.511111121,17390728.71111112,12783537.155555557,44585591.8222221,467610400.7666664,1757036239.9555583,2504115462.322232,1677544494.011096,44478270.0444444,21962.8,133633.8,175194.4,163951.4,309737.6,1041519.9,2090873.8,2947899.9,2342028.7,440431.4,0
1546525.2888888887,7740563.511111121,17390728.71111112,12783537.155555557,44585591.8222221,467610400.7666664,1757036239.9555583,2504115462.322232,1677544494.011096,44478270.0444444,21962.8,133633.8,175194.4,163951.4,309737.6,1041519.9,2090873.8,2947899.9,2342028.7,440431.4,1
