ageclass_0_9_var,ageclass_10_19_var,ageclass_20_29_var,ageclass_30_39_var,ageclass_40_49_var,ageclass_50_59_var,ageclass_60_69_var,ageclass_70_79_var,ageclass_80_89_var,ageclass_90_99_var,ageclass_0_9_mean,ageclass_10_19_mean,ageclass_20_29_mean,ageclass_30_39_mean,ageclass_40_49_mean,ageclass_50_59_mean,ageclass_60_69_mean,ageclass_70_79_mean,ageclass_80_89_mean,ageclass_90_99_mean,day
345355.2111111113,4930255.288888895,12779002.277777776,15314468.01111112,35189114.899999976,440704218.48888844,2921395842.9888906,5495288017.11111,3479844340.93333,128470359.56666678,26676.1,110076.2,143254.5,133739.3,243406.3,789210.4,1566385.9,2198913.0,1752882.6,329408.3,0
345355.2111111113,4930255.288888895,12779002.277777776,15314468.01111112,35189114.899999976,440704218.48888844,2921395842.9888906,5495288017.11111,3479844340.93333,128470359.56666678,26676.1,110076.2,143254.5,133739.3,243406.3,789210.4,1566385.9,2198913.0,1752882.6,329408.3,1
