ageclass_0_9_var,ageclass_10_19_var,ageclass_20_29_var,ageclass_30_39_var,ageclass_40_49_var,ageclass_50_59_var,ageclass_60_69_var,ageclass_70_79_var,ageclass_80_89_var,ageclass_90_99_var,ageclass_0_9_mean,ageclass_10_19_mean,ageclass_20_29_mean,ageclass_30_39_mean,ageclass_40_49_mean,ageclass_50_59_mean,ageclass_60_69_mean,ageclass_70_79_mean,ageclass_80_89_mean,ageclass_90_99_mean,day
575923.3444444457,6643475.122222221,6564125.433333331,6456697.122222226,40206765.55555561,295094548.4555558,938057541.6000003,1716466890.2333345,1303439578.322222,57909436.72222229,24491.3,125634.3,163211.9,150597.7,281819.0,934166.7,1871360.6,2639053.3,2091431.9,393645.5,0
575923.3444444457,6643475.122222221,6564125.433333331,6456697.122222226,40206765.55555561,295094548.4555558,938057541.6000003,1716466890.2333345,1303439578.322222,57909436.72222229,24491.3,125634.3,163211.9,150597.7,281819.0,934166.7,1871360.6,2639053.3,2091431.9,393645.5,1
