ageclass_0_9_var,ageclass_10_19_var,ageclass_20_29_var,ageclass_30_39_var,ageclass_40_49_var,ageclass_50_59_var,ageclass_60_69_var,ageclass_70_79_var,ageclass_80_89_var,ageclass_90_99_var,ageclass_0_9_mean,ageclass_10_19_mean,ageclass_20_29_mean,ageclass_30_39_mean,ageclass_40_49_mean,ageclass_50_59_mean,ageclass_60_69_mean,ageclass_70_79_mean,ageclass_80_89_mean,ageclass_90_99_mean,day
966167.6555555543,8100272.455555562,10834596.844444457,14217797.600000003,49936786.899999924,648699339.5999999,2238732754.3222203,5231043876.677783,3031622072.5444436,129455796.6222224,23860.1,111289.7,144798.8,135232.6,248445.7,817868.6,1628450.9,2297952.3,1828259.1,342927.8,0
966167.6555555543,8100272.455555562,10834596.844444457,14217797.600000003,49936786.899999924,648699339.5999999,2238732754.3222203,5231043876.677783,3031622072.5444436,129455796.6222224,23860.1,111289.7,144798.8,135232.6,248445.7,817868.6,1628450.9,2297952.3,1828259.1,342927.8,1
