ageclass_0_9_var,ageclass_10_19_var,ageclass_20_29_var,ageclass_30_39_var,ageclass_40_49_var,ageclass_50_59_var,ageclass_60_69_var,ageclass_70_79_var,ageclass_80_89_var,ageclass_90_99_var,ageclass_0_9_mean,ageclass_10_19_mean,ageclass_20_29_mean,ageclass_30_39_mean,ageclass_40_49_mean,ageclass_50_59_mean,ageclass_60_69_mean,ageclass_70_79_mean,ageclass_80_89_mean,ageclass_90_99_mean,day
1777688.6777777784,5342771.955555548,6568534.899999994,2309314.944444451,21772761.833333362,91037574.90000027,604150325.3444444,1490827389.3444471,688693195.1222239,43877113.16666663,23811.7,140716.8,182726.7,169804.5,322450.5,1076489.7,2159952.7,3054776.3,2420274.7,456231.5,0
1777688.6777777784,5342771.955555548,6568534.899999994,2309314.944444451,21772761.833333362,91037574.90000027,604150325.3444444,1490827389.3444471,688693195.1222239,43877113.16666663,23811.7,140716.8,182726.7,169804.5,322450.5,1076489.7,2159952.7,3054776.3,2420274.7,456231.5,1
