ageclass_0_9_var,ageclass_10_19_var,ageclass_20_29_var,ageclass_30_39_var,ageclass_40_49_var,ageclass_50_59_var,ageclass_60_69_var,ageclass_70_79_var,ageclass_80_89_var,ageclass_90_99_var,ageclass_0_9_mean,ageclass_10_19_mean,ageclass_20_29_mean,ageclass_30_39_mean,ageclass_40_49_mean,ageclass_50_59_mean,ageclass_60_69_mean,ageclass_70_79_mean,ageclass_80_89_mean,ageclass_90_99_mean,day
1843634.233333334,10145852.488888891,25992117.43333332,21559263.37777777,84196770.39999995,1390521282.7666662,4709938985.788885,9586145236.177773,4695529340.888888,219211896.93333325,26207.3,102460.4,133935.9,125277.4,221241.2,715131.9,1408849.3,1981642.2,1577743.0,296936.4,0
1843634.233333334,10145852.488888891,25992117.43333332,21559263.37777777,84196770.39999995,1390521282.7666662,4709938985.788885,9586145236.177773,4695529340.888888,219211896.93333325,26207.3,102460.4,133935.9,125277.4,221241.2,715131.9,1408849.3,1981642.2,1577743.0,296936.4,1
