ageclass_0_9_var,ageclass_10_19_var,ageclass_20_29_var,ageclass_30_39_var,ageclass_40_49_var,ageclass_50_59_var,ageclass_60_69_var,ageclass_70_79_var,ageclass_80_89_var,ageclass_90_99_var,ageclass_0_9_mean,ageclass_10_19_mean,ageclass_20_29_mean,ageclass_30_39_mean,ageclass_40_49_mean,ageclass_50_59_mean,ageclass_60_69_mean,ageclass_70_79_mean,ageclass_80_89_mean,ageclass_90_99_mean,day
767898.9333333342,3602228.011111075,16546439.82222223,8653176.011111105,52761635.06666666,249848750.01111138,706795589.1222235,1970266654.666668,909741118.2222209,33752067.60000002,22192.6,137984.3,176862.6,165085.3,314147.8,1056813.3,2119632.7,2988597.0,2367185.0,446576.6,0
767898.9333333342,3602228.011111075,16546439.82222223,8653176.011111105,52761635.06666666,249848750.01111138,706795589.1222235,1970266654.666668,909741118.2222209,33752067.60000002,22192.6,137984.3,176862.6,165085.3,314147.8,1056813.3,2119632.7,2988597.0,2367185.0,446576.6,1
