ageclass_0_9_var,ageclass_10_19_var,ageclass_20_29_var,ageclass_30_39_var,ageclass_40_49_var,ageclass_50_59_var,ageclass_60_69_var,ageclass_70_79_var,ageclass_80_89_var,ageclass_90_99_var,ageclass_0_9_mean,ageclass_10_19_mean,ageclass_20_29_mean,ageclass_30_39_mean,ageclass_40_49_mean,ageclass_50_59_mean,ageclass_60_69_mean,ageclass_70_79_mean,ageclass_80_89_mean,ageclass_90_99_mean,day
843449.9555555553,6455854.944444452,12325236.488888904,13303468.72222225,26607468.544444546,464994760.7222221,1154789911.2888913,2795672753.344449,1359733108.2333407,65446668.62222225,21278.8,142776.5,184280.4,170992.5,330282.1,1111836.5,2246314.2,3174216.7,2518491.7,473859.8,0
843449.9555555553,6455854.944444452,12325236.488888904,13303468.72222225,26607468.544444546,464994760.7222221,1154789911.2888913,2795672753.344449,1359733108.2333407,65446668.62222225,21278.8,142776.5,184280.4,170992.5,330282.1,1111836.5,2246314.2,3174216.7,2518491.7,473859.8,1
