ageclass_0_9_var,ageclass_10_19_var,ageclass_20_29_var,ageclass_30_39_var,ageclass_40_49_var,ageclass_50_59_var,ageclass_60_69_var,ageclass_70_79_var,ageclass_80_89_var,ageclass_90_99_var,ageclass_0_9_mean,ageclass_10_19_mean,ageclass_20_29_mean,ageclass_30_39_mean,ageclass_40_49_mean,ageclass_50_59_mean,ageclass_60_69_mean,ageclass_70_79_mean,ageclass_80_89_mean,ageclass_90_99_mean,day
798137.8777777774,9407456.399999978,3454273.833333342,5880255.1666666595,37102878.011111066,118549980.17777824,445667992.88889354,589860233.8222201,481181943.65555584,32902198.677777775,23729.1,149348.2,194131.5,176062.5,341074.7,1147462.2,2306559.0,3266303.4,2586108.1,485287.7,0
798137.8777777774,9407456.399999978,3454273.833333342,5880255.1666666595,37102878.011111066,118549980.17777824,445667992.88889354,589860233.8222201,481181943.65555584,32902198.677777775,23729.1,149348.2,194131.5,176062.5,341074.7,1147462.2,2306559.0,3266303.4,2586108.1,485287.7,1
