Ageclass_0-9_var,Ageclass_10-19_var,Ageclass_20-29_var,Ageclass_30-39_var,Ageclass_40-49_var,Ageclass_50-59_var,Ageclass_60-69_var,Ageclass_70-79_var,Ageclass_80-89_var,Ageclass_90-99_var,Ageclass_0-9_mean,Ageclass_10-19_mean,Ageclass_20-29_mean,Ageclass_30-39_mean,Ageclass_40-49_mean,Ageclass_50-59_mean,Ageclass_60-69_mean,Ageclass_70-79_mean,Ageclass_80-89_mean,Ageclass_90-99_mean,day
394835.51111111126,24028695.288888898,23107752.100000005,12977529.655555567,51506666.22222225,688176059.5999994,2564197715.733331,4172278947.2111063,3265329988.666672,112713877.95555563,22046.2,105926.8,135542.1,128362.1,234604.0,776884.6,1545948.2,2177403.9,1733320.0,325447.8,1
