Ageclass_0-9_var,Ageclass_10-19_var,Ageclass_20-29_var,Ageclass_30-39_var,Ageclass_40-49_var,Ageclass_50-59_var,Ageclass_60-69_var,Ageclass_70-79_var,Ageclass_80-89_var,Ageclass_90-99_var,Ageclass_0-9_mean,Ageclass_10-19_mean,Ageclass_20-29_mean,Ageclass_30-39_mean,Ageclass_40-49_mean,Ageclass_50-59_mean,Ageclass_60-69_mean,Ageclass_70-79_mean,Ageclass_80-89_mean,Ageclass_90-99_mean,day
1685252.9888888905,12944200.677777793,4499094.4,5645362.099999998,12678327.77777777,188307813.77777776,526120636.48888916,783007723.56666,552040250.6777717,24734985.733333305,21194.9,151529.3,196864.8,181530.1,348707.0,1192257.0,2405836.4,3397510.3,2688328.7,507964.8,1
