ageclass_0_9_var,ageclass_10_19_var,ageclass_20_29_var,ageclass_30_39_var,ageclass_40_49_var,ageclass_50_59_var,ageclass_60_69_var,ageclass_70_79_var,ageclass_80_89_var,ageclass_90_99_var,ageclass_0_9_mean,ageclass_10_19_mean,ageclass_20_29_mean,ageclass_30_39_mean,ageclass_40_49_mean,ageclass_50_59_mean,ageclass_60_69_mean,ageclass_70_79_mean,ageclass_80_89_mean,ageclass_90_99_mean,day
495584.8888888898,11307278.488888906,3705870.544444465,8309499.788888895,19929065.555555437,161655222.2666665,563662953.2888883,1536752936.3999991,587791728.9888898,34768369.60000005,19862.0,151690.4,196795.1,182055.3,346997.0,1189609.4,2395834.2,3378256.8,2681899.1,506032.6,0
495584.8888888898,11307278.488888906,3705870.544444465,8309499.788888895,19929065.555555437,161655222.2666665,563662953.2888883,1536752936.3999991,587791728.9888898,34768369.60000005,19862.0,151690.4,196795.1,182055.3,346997.0,1189609.4,2395834.2,3378256.8,2681899.1,506032.6,1
