ageclass_0_9_var,ageclass_10_19_var,ageclass_20_29_var,ageclass_30_39_var,ageclass_40_49_var,ageclass_50_59_var,ageclass_60_69_var,ageclass_70_79_var,ageclass_80_89_var,ageclass_90_99_var,ageclass_0_9_mean,ageclass_10_19_mean,ageclass_20_29_mean,ageclass_30_39_mean,ageclass_40_49_mean,ageclass_50_59_mean,ageclass_60_69_mean,ageclass_70_79_mean,ageclass_80_89_mean,ageclass_90_99_mean,day
629093.3444444451,2883969.9555555447,10733523.333333345,6606048.177777789,31323745.60000001,81986164.26666625,650285421.3777784,1193468466.4000003,670731854.4444438,34275881.16666665,20261.7,151680.8,197141.0,179941.2,354219.6,1202874.4,2422731.4,3426373.8,2714584.0,510173.5,0
629093.3444444451,2883969.9555555447,10733523.333333345,6606048.177777789,31323745.60000001,81986164.26666625,650285421.3777784,1193468466.4000003,670731854.4444438,34275881.16666665,20261.7,151680.8,197141.0,179941.2,354219.6,1202874.4,2422731.4,3426373.8,2714584.0,510173.5,1
