ageclass_0_9_var,ageclass_10_19_var,ageclass_20_29_var,ageclass_30_39_var,ageclass_40_49_var,ageclass_50_59_var,ageclass_60_69_var,ageclass_70_79_var,ageclass_80_89_var,ageclass_90_99_var,ageclass_0_9_mean,ageclass_10_19_mean,ageclass_20_29_mean,ageclass_30_39_mean,ageclass_40_49_mean,ageclass_50_59_mean,ageclass_60_69_mean,ageclass_70_79_mean,ageclass_80_89_mean,ageclass_90_99_mean,day
1246461.344444445,14279888.677777778,22851460.988888822,11066465.599999996,71425924.48888886,998289623.1555551,4150223831.2888894,8607735797.82222,4561959916.099997,187722786.71111086,25753.3,85085.3,108281.9,102563.4,177062.4,561948.4,1100636.8,1538245.4,1225453.9,229584.6,0
1246461.344444445,14279888.677777778,22851460.988888822,11066465.599999996,71425924.48888886,998289623.1555551,4150223831.2888894,8607735797.82222,4561959916.099997,187722786.71111086,25753.3,85085.3,108281.9,102563.4,177062.4,561948.4,1100636.8,1538245.4,1225453.9,229584.6,1
