ageclass_0_9_var,ageclass_10_19_var,ageclass_20_29_var,ageclass_30_39_var,ageclass_40_49_var,ageclass_50_59_var,ageclass_60_69_var,ageclass_70_79_var,ageclass_80_89_var,ageclass_90_99_var,ageclass_0_9_mean,ageclass_10_19_mean,ageclass_20_29_mean,ageclass_30_39_mean,ageclass_40_49_mean,ageclass_50_59_mean,ageclass_60_69_mean,ageclass_70_79_mean,ageclass_80_89_mean,ageclass_90_99_mean,day
1607848.6222222222,11763803.4333334,17176312.444444403,20680690.988888845,76082701.06666675,755812935.1222224,3302911639.788901,5751481608.488885,3802453511.377778,124068540.98888843,22219.2,113064.1,146654.0,137501.1,251694.8,838557.3,1672801.7,2359675.4,1876388.6,351973.1,0
1607848.6222222222,11763803.4333334,17176312.444444403,20680690.988888845,76082701.06666675,755812935.1222224,3302911639.788901,5751481608.488885,3802453511.377778,124068540.98888843,22219.2,113064.1,146654.0,137501.1,251694.8,838557.3,1672801.7,2359675.4,1876388.6,351973.1,1
