ageclass_0_9_var,ageclass_10_19_var,ageclass_20_29_var,ageclass_30_39_var,ageclass_40_49_var,ageclass_50_59_var,ageclass_60_69_var,ageclass_70_79_var,ageclass_80_89_var,ageclass_90_99_var,ageclass_0_9_mean,ageclass_10_19_mean,ageclass_20_29_mean,ageclass_30_39_mean,ageclass_40_49_mean,ageclass_50_59_mean,ageclass_60_69_mean,ageclass_70_79_mean,ageclass_80_89_mean,ageclass_90_99_mean,day
1217042.1777777777,14387642.711111117,5728372.7111111,13224177.37777778,7771059.877777759,249234029.5999997,998331370.1000004,2182922181.4333367,1053365868.0999987,52425034.62222218,23187.2,138575.4,177274.6,165118.4,313612.9,1054222.6,2113347.1,2977668.9,2368701.1,445800.2,0
1217042.1777777777,14387642.711111117,5728372.7111111,13224177.37777778,7771059.877777759,249234029.5999997,998331370.1000004,2182922181.4333367,1053365868.0999987,52425034.62222218,23187.2,138575.4,177274.6,165118.4,313612.9,1054222.6,2113347.1,2977668.9,2368701.1,445800.2,1
