Ageclass_0-9_var,Ageclass_10-19_var,Ageclass_20-29_var,Ageclass_30-39_var,Ageclass_40-49_var,Ageclass_50-59_var,Ageclass_60-69_var,Ageclass_70-79_var,Ageclass_80-89_var,Ageclass_90-99_var,Ageclass_0-9_mean,Ageclass_10-19_mean,Ageclass_20-29_mean,Ageclass_30-39_mean,Ageclass_40-49_mean,Ageclass_50-59_mean,Ageclass_60-69_mean,Ageclass_70-79_mean,Ageclass_80-89_mean,Ageclass_90-99_mean,day
258662.94444444476,15901047.288888875,12631502.266666666,10313325.333333338,40163971.822222255,500493307.6555557,2561266420.6777782,5368852132.177778,3267352757.655555,101570426.26666668,23056.5,123633.2,161413.6,148663.0,278039.6,929298.1,1851044.3,2614478.2,2079422.9,393932.6,1
