ageclass_0_9_var,ageclass_10_19_var,ageclass_20_29_var,ageclass_30_39_var,ageclass_40_49_var,ageclass_50_59_var,ageclass_60_69_var,ageclass_70_79_var,ageclass_80_89_var,ageclass_90_99_var,ageclass_0_9_mean,ageclass_10_19_mean,ageclass_20_29_mean,ageclass_30_39_mean,ageclass_40_49_mean,ageclass_50_59_mean,ageclass_60_69_mean,ageclass_70_79_mean,ageclass_80_89_mean,ageclass_90_99_mean,day
1074055.655555555,12799738.944444427,10192817.655555539,14442634.322222216,60524989.15555552,534531150.6777776,2081434408.1000032,3808629070.400005,2829742975.155562,85250722.90000007,22783.9,133491.5,173908.1,161471.1,301672.4,1013193.3,2029961.9,2863894.8,2274234.6,428381.7,0
1074055.655555555,12799738.944444427,10192817.655555539,14442634.322222216,60524989.15555552,534531150.6777776,2081434408.1000032,3808629070.400005,2829742975.155562,85250722.90000007,22783.9,133491.5,173908.1,161471.1,301672.4,1013193.3,2029961.9,2863894.8,2274234.6,428381.7,1
