ageclass_0_9_var,ageclass_10_19_var,ageclass_20_29_var,ageclass_30_39_var,ageclass_40_49_var,ageclass_50_59_var,ageclass_60_69_var,ageclass_70_79_var,ageclass_80_89_var,ageclass_90_99_var,ageclass_0_9_mean,ageclass_10_19_mean,ageclass_20_29_mean,ageclass_30_39_mean,ageclass_40_49_mean,ageclass_50_59_mean,ageclass_60_69_mean,ageclass_70_79_mean,ageclass_80_89_mean,ageclass_90_99_mean,day
344988.93333333335,4418313.344444453,4304007.655555545,2762809.2111111083,33487458.544444397,52721037.4333335,249050111.82222626,734718162.9333354,393633231.6000049,13206800.622222185,21211.6,146210.3,190380.1,175435.1,336087.9,1138297.1,2295722.4,3233580.4,2559179.6,484376.2,0
344988.93333333335,4418313.344444453,4304007.655555545,2762809.2111111083,33487458.544444397,52721037.4333335,249050111.82222626,734718162.9333354,393633231.6000049,13206800.622222185,21211.6,146210.3,190380.1,175435.1,336087.9,1138297.1,2295722.4,3233580.4,2559179.6,484376.2,1
