ageclass_0_9_var,ageclass_10_19_var,ageclass_20_29_var,ageclass_30_39_var,ageclass_40_49_var,ageclass_50_59_var,ageclass_60_69_var,ageclass_70_79_var,ageclass_80_89_var,ageclass_90_99_var,ageclass_0_9_mean,ageclass_10_19_mean,ageclass_20_29_mean,ageclass_30_39_mean,ageclass_40_49_mean,ageclass_50_59_mean,ageclass_60_69_mean,ageclass_70_79_mean,ageclass_80_89_mean,ageclass_90_99_mean,day
890575.5666666661,17242205.211111113,41833903.95555556,36385541.33333332,129373202.04444449,1796725354.0111103,6914683806.266666,15434962322.54445,8918907440.266668,298366228.988889,24320.3,69346.1,88634.8,85555.0,143684.4,438032.7,851846.6,1187961.9,956439.4,178977.9,0
890575.5666666661,17242205.211111113,41833903.95555556,36385541.33333332,129373202.04444449,1796725354.0111103,6914683806.266666,15434962322.54445,8918907440.266668,298366228.988889,24320.3,69346.1,88634.8,85555.0,143684.4,438032.7,851846.6,1187961.9,956439.4,178977.9,1
