ageclass_0_9_var,ageclass_10_19_var,ageclass_20_29_var,ageclass_30_39_var,ageclass_40_49_var,ageclass_50_59_var,ageclass_60_69_var,ageclass_70_79_var,ageclass_80_89_var,ageclass_90_99_var,ageclass_0_9_mean,ageclass_10_19_mean,ageclass_20_29_mean,ageclass_30_39_mean,ageclass_40_49_mean,ageclass_50_59_mean,ageclass_60_69_mean,ageclass_70_79_mean,ageclass_80_89_mean,ageclass_90_99_mean,day
1023592.0999999999,22013157.333333332,30588259.377777774,26714241.344444435,107920214.5,1209210974.322222,4577890774.322226,8818448520.988888,5692755565.733334,228469632.01111102,22370.9,103151.0,134341.6,127742.7,229494.5,757073.1,1501713.1,2107969.9,1682517.2,314721.3,0
1023592.0999999999,22013157.333333332,30588259.377777774,26714241.344444435,107920214.5,1209210974.322222,4577890774.322226,8818448520.988888,5692755565.733334,228469632.01111102,22370.9,103151.0,134341.6,127742.7,229494.5,757073.1,1501713.1,2107969.9,1682517.2,314721.3,1
