ageclass_0_9_var,ageclass_10_19_var,ageclass_20_29_var,ageclass_30_39_var,ageclass_40_49_var,ageclass_50_59_var,ageclass_60_69_var,ageclass_70_79_var,ageclass_80_89_var,ageclass_90_99_var,ageclass_0_9_mean,ageclass_10_19_mean,ageclass_20_29_mean,ageclass_30_39_mean,ageclass_40_49_mean,ageclass_50_59_mean,ageclass_60_69_mean,ageclass_70_79_mean,ageclass_80_89_mean,ageclass_90_99_mean,day
1238149.655555555,2338774.322222219,6960197.433333342,11794818.933333352,12294554.888888929,25530470.011110935,144296822.66666743,346433074.67777747,236977463.43333253,28459314.622222215,22956.9,144535.9,187181.9,173816.6,328754.0,1118032.3,2241109.0,3173077.3,2513038.1,472004.2,0
1238149.655555555,2338774.322222219,6960197.433333342,11794818.933333352,12294554.888888929,25530470.011110935,144296822.66666743,346433074.67777747,236977463.43333253,28459314.622222215,22956.9,144535.9,187181.9,173816.6,328754.0,1118032.3,2241109.0,3173077.3,2513038.1,472004.2,1
