ageclass_0_9_var,ageclass_10_19_var,ageclass_20_29_var,ageclass_30_39_var,ageclass_40_49_var,ageclass_50_59_var,ageclass_60_69_var,ageclass_70_79_var,ageclass_80_89_var,ageclass_90_99_var,ageclass_0_9_mean,ageclass_10_19_mean,ageclass_20_29_mean,ageclass_30_39_mean,ageclass_40_49_mean,ageclass_50_59_mean,ageclass_60_69_mean,ageclass_70_79_mean,ageclass_80_89_mean,ageclass_90_99_mean,day
356382.17777777754,2084461.7333333301,12657739.655555569,8331036.544444438,22239392.711111143,185467440.2222215,725834460.8999972,1559845608.9333277,955495436.6777785,41116938.71111111,21462.2,145117.8,188684.9,174520.9,333654.4,1131002.0,2275941.3,3220806.4,2552562.3,480760.4,0
356382.17777777754,2084461.7333333301,12657739.655555569,8331036.544444438,22239392.711111143,185467440.2222215,725834460.8999972,1559845608.9333277,955495436.6777785,41116938.71111111,21462.2,145117.8,188684.9,174520.9,333654.4,1131002.0,2275941.3,3220806.4,2552562.3,480760.4,1
