Ageclass_0-9_var,Ageclass_10-19_var,Ageclass_20-29_var,Ageclass_30-39_var,Ageclass_40-49_var,Ageclass_50-59_var,Ageclass_60-69_var,Ageclass_70-79_var,Ageclass_80-89_var,Ageclass_90-99_var,Ageclass_0-9_mean,Ageclass_10-19_mean,Ageclass_20-29_mean,Ageclass_30-39_mean,Ageclass_40-49_mean,Ageclass_50-59_mean,Ageclass_60-69_mean,Ageclass_70-79_mean,Ageclass_80-89_mean,Ageclass_90-99_mean,day
1402125.1666666684,1971806.4555555491,5674258.988888917,5034185.5555555485,24376989.822222274,151962328.10000098,518371188.45555687,897358950.8444408,614098752.5444449,12782839.822222231,23733.5,142021.3,185117.1,169477.0,323161.6,1094839.1,2204863.7,3106122.8,2458869.9,461858.4,1
