ageclass_0_9_var,ageclass_10_19_var,ageclass_20_29_var,ageclass_30_39_var,ageclass_40_49_var,ageclass_50_59_var,ageclass_60_69_var,ageclass_70_79_var,ageclass_80_89_var,ageclass_90_99_var,ageclass_0_9_mean,ageclass_10_19_mean,ageclass_20_29_mean,ageclass_30_39_mean,ageclass_40_49_mean,ageclass_50_59_mean,ageclass_60_69_mean,ageclass_70_79_mean,ageclass_80_89_mean,ageclass_90_99_mean,day
916386.4000000008,21214451.34444444,24484046.62222222,38094363.733333334,106415107.82222232,1308487504.4000006,5396484055.166666,10556228132.677782,6553928508.1,237758366.09999987,23089.8,96798.7,125689.2,118028.2,213207.4,690200.8,1366468.5,1917179.3,1529431.9,286773.9,0
916386.4000000008,21214451.34444444,24484046.62222222,38094363.733333334,106415107.82222232,1308487504.4000006,5396484055.166666,10556228132.677782,6553928508.1,237758366.09999987,23089.8,96798.7,125689.2,118028.2,213207.4,690200.8,1366468.5,1917179.3,1529431.9,286773.9,1
