ageclass_0_9_var,ageclass_10_19_var,ageclass_20_29_var,ageclass_30_39_var,ageclass_40_49_var,ageclass_50_59_var,ageclass_60_69_var,ageclass_70_79_var,ageclass_80_89_var,ageclass_90_99_var,ageclass_0_9_mean,ageclass_10_19_mean,ageclass_20_29_mean,ageclass_30_39_mean,ageclass_40_49_mean,ageclass_50_59_mean,ageclass_60_69_mean,ageclass_70_79_mean,ageclass_80_89_mean,ageclass_90_99_mean,day
727040.6777777781,6044952.266666663,5011471.733333319,8105135.3888888825,42480630.322222255,451574855.6555552,1553846142.9333344,2477471931.122228,1309536763.7333329,53025375.211111106,24822.3,126417.6,163439.8,151708.5,283809.9,939966.9,1876217.4,2643719.3,2097594.8,396084.1,0
727040.6777777781,6044952.266666663,5011471.733333319,8105135.3888888825,42480630.322222255,451574855.6555552,1553846142.9333344,2477471931.122228,1309536763.7333329,53025375.211111106,24822.3,126417.6,163439.8,151708.5,283809.9,939966.9,1876217.4,2643719.3,2097594.8,396084.1,1
