ageclass_0_9_var,ageclass_10_19_var,ageclass_20_29_var,ageclass_30_39_var,ageclass_40_49_var,ageclass_50_59_var,ageclass_60_69_var,ageclass_70_79_var,ageclass_80_89_var,ageclass_90_99_var,ageclass_0_9_mean,ageclass_10_19_mean,ageclass_20_29_mean,ageclass_30_39_mean,ageclass_40_49_mean,ageclass_50_59_mean,ageclass_60_69_mean,ageclass_70_79_mean,ageclass_80_89_mean,ageclass_90_99_mean,day
833299.7333333329,8321984.933333335,13437405.122222222,11262017.166666664,57389349.43333331,536101844.09999996,2048861263.5666666,4527931209.344445,2947081927.0666656,85207872.48888892,23319.8,84841.6,109025.7,103633.5,181709.1,579520.1,1144354.7,1597330.3,1279797.2,239189.6,0
833299.7333333329,8321984.933333335,13437405.122222222,11262017.166666664,57389349.43333331,536101844.09999996,2048861263.5666666,4527931209.344445,2947081927.0666656,85207872.48888892,23319.8,84841.6,109025.7,103633.5,181709.1,579520.1,1144354.7,1597330.3,1279797.2,239189.6,1
