ageclass_0_9_var,ageclass_10_19_var,ageclass_20_29_var,ageclass_30_39_var,ageclass_40_49_var,ageclass_50_59_var,ageclass_60_69_var,ageclass_70_79_var,ageclass_80_89_var,ageclass_90_99_var,ageclass_0_9_mean,ageclass_10_19_mean,ageclass_20_29_mean,ageclass_30_39_mean,ageclass_40_49_mean,ageclass_50_59_mean,ageclass_60_69_mean,ageclass_70_79_mean,ageclass_80_89_mean,ageclass_90_99_mean,day
276241.15555555536,4117601.777777771,8378879.155555601,3242545.955555548,28607405.511111114,203905861.4333323,669534718.8444442,1229446837.9555583,1358527047.600001,44532414.84444443,23667.6,140582.0,181660.4,166632.2,316836.2,1062528.9,2132408.8,3011414.2,2387205.4,450077.2,0
276241.15555555536,4117601.777777771,8378879.155555601,3242545.955555548,28607405.511111114,203905861.4333323,669534718.8444442,1229446837.9555583,1358527047.600001,44532414.84444443,23667.6,140582.0,181660.4,166632.2,316836.2,1062528.9,2132408.8,3011414.2,2387205.4,450077.2,1
