Ageclass_0-9_var,Ageclass_10-19_var,Ageclass_20-29_var,Ageclass_30-39_var,Ageclass_40-49_var,Ageclass_50-59_var,Ageclass_60-69_var,Ageclass_70-79_var,Ageclass_80-89_var,Ageclass_90-99_var,Ageclass_0-9_mean,Ageclass_10-19_mean,Ageclass_20-29_mean,Ageclass_30-39_mean,Ageclass_40-49_mean,Ageclass_50-59_mean,Ageclass_60-69_mean,Ageclass_70-79_mean,Ageclass_80-89_mean,Ageclass_90-99_mean,day
418097.788888889,11833065.555555549,11898449.288888896,18801531.60000005,46410761.7888889,491117222.1777777,2109487237.5666683,4127608542.5444446,2447103722.7222238,105183460.2666667,21517.3,111712.0,144831.2,135679.4,250661.3,836328.2,1668399.3,2361470.1,1879409.5,351502.4,1
