ageclass_0_9_var,ageclass_10_19_var,ageclass_20_29_var,ageclass_30_39_var,ageclass_40_49_var,ageclass_50_59_var,ageclass_60_69_var,ageclass_70_79_var,ageclass_80_89_var,ageclass_90_99_var,ageclass_0_9_mean,ageclass_10_19_mean,ageclass_20_29_mean,ageclass_30_39_mean,ageclass_40_49_mean,ageclass_50_59_mean,ageclass_60_69_mean,ageclass_70_79_mean,ageclass_80_89_mean,ageclass_90_99_mean,day
768277.4333333333,1207827.6555555558,1779386.2666666668,1419613.066666663,8868332.277777778,58739904.45555557,213135116.54444444,447060826.76666665,289024433.2111111,9116677.955555554,26030.1,26885.1,34850.4,33469.2,35144.5,47557.7,51571.9,33107.9,35924.9,6753.2,0
768277.4333333333,1207827.6555555558,1779386.2666666668,1419613.066666663,8868332.277777778,58739904.45555557,213135116.54444444,447060826.76666665,289024433.2111111,9116677.955555554,26030.1,26885.1,34850.4,33469.2,35144.5,47557.7,51571.9,33107.9,35924.9,6753.2,1
