Ageclass_0-9_var,Ageclass_10-19_var,Ageclass_20-29_var,Ageclass_30-39_var,Ageclass_40-49_var,Ageclass_50-59_var,Ageclass_60-69_var,Ageclass_70-79_var,Ageclass_80-89_var,Ageclass_90-99_var,Ageclass_0-9_mean,Ageclass_10-19_mean,Ageclass_20-29_mean,Ageclass_30-39_mean,Ageclass_40-49_mean,Ageclass_50-59_mean,Ageclass_60-69_mean,Ageclass_70-79_mean,Ageclass_80-89_mean,Ageclass_90-99_mean,day
1388760.6777777795,14375727.433333335,19437446.45555555,16791398.988888893,71322957.55555555,1006292809.6555555,4442295769.211112,8883752701.11111,5776731279.388889,213906833.78888893,26082.7,33308.1,41827.3,40767.9,49749.0,100941.1,163664.9,192930.0,161730.5,30200.3,1
