Ageclass_0-9_var,Ageclass_10-19_var,Ageclass_20-29_var,Ageclass_30-39_var,Ageclass_40-49_var,Ageclass_50-59_var,Ageclass_60-69_var,Ageclass_70-79_var,Ageclass_80-89_var,Ageclass_90-99_var,Ageclass_0-9_mean,Ageclass_10-19_mean,Ageclass_20-29_mean,Ageclass_30-39_mean,Ageclass_40-49_mean,Ageclass_50-59_mean,Ageclass_60-69_mean,Ageclass_70-79_mean,Ageclass_80-89_mean,Ageclass_90-99_mean,day
998680.9888888901,10103035.55555555,18005423.511111103,3969399.1555555677,30179050.84444453,289482264.1,925952378.233335,1846765109.1555636,849226692.2222207,45508513.377777785,22948.1,130098.0,169517.2,155823.4,294402.2,985460.9,1976571.7,2789087.4,2212668.0,414758.6,1
