Ageclass_0-9_var,Ageclass_10-19_var,Ageclass_20-29_var,Ageclass_30-39_var,Ageclass_40-49_var,Ageclass_50-59_var,Ageclass_60-69_var,Ageclass_70-79_var,Ageclass_80-89_var,Ageclass_90-99_var,Ageclass_0-9_mean,Ageclass_10-19_mean,Ageclass_20-29_mean,Ageclass_30-39_mean,Ageclass_40-49_mean,Ageclass_50-59_mean,Ageclass_60-69_mean,Ageclass_70-79_mean,Ageclass_80-89_mean,Ageclass_90-99_mean,day
352904.2333333332,10481988.177777756,5400694.711111097,4438392.455555549,15602454.677777776,186129893.61111122,459974937.7333355,708327768.1777768,229362104.6666609,17998766.988889113,23072.3,145232.8,187965.6,173376.3,330835.3,1112444.5,2236481.8,3161699.8,2505960.0,473447.1,1
