ageclass_0_9_var,ageclass_10_19_var,ageclass_20_29_var,ageclass_30_39_var,ageclass_40_49_var,ageclass_50_59_var,ageclass_60_69_var,ageclass_70_79_var,ageclass_80_89_var,ageclass_90_99_var,ageclass_0_9_mean,ageclass_10_19_mean,ageclass_20_29_mean,ageclass_30_39_mean,ageclass_40_49_mean,ageclass_50_59_mean,ageclass_60_69_mean,ageclass_70_79_mean,ageclass_80_89_mean,ageclass_90_99_mean,day
1011766.9333333317,9251342.100000005,5218221.822222234,10767119.955555568,40650308.622222245,319567703.5111112,1081010270.4888895,2205079659.344447,1460414373.7888868,61542946.98888891,21890.6,143053.9,187734.6,172859.8,329019.2,1117009.2,2243977.6,3173948.7,2512906.3,473707.1,0
1011766.9333333317,9251342.100000005,5218221.822222234,10767119.955555568,40650308.622222245,319567703.5111112,1081010270.4888895,2205079659.344447,1460414373.7888868,61542946.98888891,21890.6,143053.9,187734.6,172859.8,329019.2,1117009.2,2243977.6,3173948.7,2512906.3,473707.1,1
