ageclass_0_9_var,ageclass_10_19_var,ageclass_20_29_var,ageclass_30_39_var,ageclass_40_49_var,ageclass_50_59_var,ageclass_60_69_var,ageclass_70_79_var,ageclass_80_89_var,ageclass_90_99_var,ageclass_0_9_mean,ageclass_10_19_mean,ageclass_20_29_mean,ageclass_30_39_mean,ageclass_40_49_mean,ageclass_50_59_mean,ageclass_60_69_mean,ageclass_70_79_mean,ageclass_80_89_mean,ageclass_90_99_mean,day
680802.9444444448,12010680.944444446,10592799.82222221,8749967.566666648,19842537.377777785,157474217.51111078,745238522.0444456,2455895898.044445,1128203960.6222224,55974819.06666669,22772.5,133411.5,172991.4,159856.7,303802.6,1022993.8,2048077.6,2891571.6,2297505.8,432270.8,0
680802.9444444448,12010680.944444446,10592799.82222221,8749967.566666648,19842537.377777785,157474217.51111078,745238522.0444456,2455895898.044445,1128203960.6222224,55974819.06666669,22772.5,133411.5,172991.4,159856.7,303802.6,1022993.8,2048077.6,2891571.6,2297505.8,432270.8,1
