ageclass_0_9_var,ageclass_10_19_var,ageclass_20_29_var,ageclass_30_39_var,ageclass_40_49_var,ageclass_50_59_var,ageclass_60_69_var,ageclass_70_79_var,ageclass_80_89_var,ageclass_90_99_var,ageclass_0_9_mean,ageclass_10_19_mean,ageclass_20_29_mean,ageclass_30_39_mean,ageclass_40_49_mean,ageclass_50_59_mean,ageclass_60_69_mean,ageclass_70_79_mean,ageclass_80_89_mean,ageclass_90_99_mean,day
373696.6777777773,11177352.04444445,12847175.877777748,6483615.788888875,22049406.011111073,142696889.37777722,641160573.7888904,1857600416.3222208,1107946424.0111125,58378049.60000006,22521.7,149294.4,194749.9,179422.3,345997.7,1169952.4,2352369.7,3327140.9,2632784.7,497807.4,0
373696.6777777773,11177352.04444445,12847175.877777748,6483615.788888875,22049406.011111073,142696889.37777722,641160573.7888904,1857600416.3222208,1107946424.0111125,58378049.60000006,22521.7,149294.4,194749.9,179422.3,345997.7,1169952.4,2352369.7,3327140.9,2632784.7,497807.4,1
