Ageclass_0-9_var,Ageclass_10-19_var,Ageclass_20-29_var,Ageclass_30-39_var,Ageclass_40-49_var,Ageclass_50-59_var,Ageclass_60-69_var,Ageclass_70-79_var,Ageclass_80-89_var,Ageclass_90-99_var,Ageclass_0-9_mean,Ageclass_10-19_mean,Ageclass_20-29_mean,Ageclass_30-39_mean,Ageclass_40-49_mean,Ageclass_50-59_mean,Ageclass_60-69_mean,Ageclass_70-79_mean,Ageclass_80-89_mean,Ageclass_90-99_mean,day
547442.2333333329,6624025.833333341,12219671.11111109,10868055.15555556,68223722.48888887,598501868.1777769,2302613670.1777782,4843192467.155552,2933370833.6555576,126712917.7777777,23398.3,77286.5,98580.0,94146.6,163907.6,517615.2,1023996.8,1427994.6,1137389.1,212339.0,1
