ageclass_0_9_var,ageclass_10_19_var,ageclass_20_29_var,ageclass_30_39_var,ageclass_40_49_var,ageclass_50_59_var,ageclass_60_69_var,ageclass_70_79_var,ageclass_80_89_var,ageclass_90_99_var,ageclass_0_9_mean,ageclass_10_19_mean,ageclass_20_29_mean,ageclass_30_39_mean,ageclass_40_49_mean,ageclass_50_59_mean,ageclass_60_69_mean,ageclass_70_79_mean,ageclass_80_89_mean,ageclass_90_99_mean,day
873048.4888888883,3290158.2666666186,12818553.77777779,17509431.877777793,50041989.38888889,308441595.11111104,1162180484.4,2034779355.3333354,1558455906.0111108,58112477.73333337,22297.4,147112.6,191125.0,174372.9,336425.5,1136087.0,2280972.8,3227602.0,2554152.3,482518.2,0
873048.4888888883,3290158.2666666186,12818553.77777779,17509431.877777793,50041989.38888889,308441595.11111104,1162180484.4,2034779355.3333354,1558455906.0111108,58112477.73333337,22297.4,147112.6,191125.0,174372.9,336425.5,1136087.0,2280972.8,3227602.0,2554152.3,482518.2,1
