Ageclass_0-9_var,Ageclass_10-19_var,Ageclass_20-29_var,Ageclass_30-39_var,Ageclass_40-49_var,Ageclass_50-59_var,Ageclass_60-69_var,Ageclass_70-79_var,Ageclass_80-89_var,Ageclass_90-99_var,Ageclass_0-9_mean,Ageclass_10-19_mean,Ageclass_20-29_mean,Ageclass_30-39_mean,Ageclass_40-49_mean,Ageclass_50-59_mean,Ageclass_60-69_mean,Ageclass_70-79_mean,Ageclass_80-89_mean,Ageclass_90-99_mean,day
1104593.111111111,5020854.988888881,12129101.51111111,11112399.655555565,7528941.288888865,130960541.12222171,350700119.7333319,693003658.6777797,287756190.45555425,14863377.73333329,22449.0,138635.1,179330.8,166786.1,315920.8,1071169.3,2149509.8,3035554.7,2402847.3,455194.2,1
