Ageclass_0-9_var,Ageclass_10-19_var,Ageclass_20-29_var,Ageclass_30-39_var,Ageclass_40-49_var,Ageclass_50-59_var,Ageclass_60-69_var,Ageclass_70-79_var,Ageclass_80-89_var,Ageclass_90-99_var,Ageclass_0-9_mean,Ageclass_10-19_mean,Ageclass_20-29_mean,Ageclass_30-39_mean,Ageclass_40-49_mean,Ageclass_50-59_mean,Ageclass_60-69_mean,Ageclass_70-79_mean,Ageclass_80-89_mean,Ageclass_90-99_mean,day
798137.8777777774,9407456.399999978,3454273.833333342,5880255.1666666595,37102878.011111066,118549980.17777824,445667992.88889354,589860233.8222201,481181943.65555584,32902198.677777775,23729.1,149348.2,194131.5,176062.5,341074.7,1147462.2,2306559.0,3266303.4,2586108.1,485287.7,1
