ageclass_0_9_var,ageclass_10_19_var,ageclass_20_29_var,ageclass_30_39_var,ageclass_40_49_var,ageclass_50_59_var,ageclass_60_69_var,ageclass_70_79_var,ageclass_80_89_var,ageclass_90_99_var,ageclass_0_9_mean,ageclass_10_19_mean,ageclass_20_29_mean,ageclass_30_39_mean,ageclass_40_49_mean,ageclass_50_59_mean,ageclass_60_69_mean,ageclass_70_79_mean,ageclass_80_89_mean,ageclass_90_99_mean,day
1464639.511111111,9878342.900000002,20842181.655555453,9137207.344444456,40336328.44444444,550250437.1111106,2376399995.5999994,5366458474.711117,3080173228.1777782,135730811.11111104,21411.8,127748.7,168558.9,155355.7,292242.0,982477.0,1968577.4,2773309.6,2196418.8,415660.0,0
1464639.511111111,9878342.900000002,20842181.655555453,9137207.344444456,40336328.44444444,550250437.1111106,2376399995.5999994,5366458474.711117,3080173228.1777782,135730811.11111104,21411.8,127748.7,168558.9,155355.7,292242.0,982477.0,1968577.4,2773309.6,2196418.8,415660.0,1
