ageclass_0_9_var,ageclass_10_19_var,ageclass_20_29_var,ageclass_30_39_var,ageclass_40_49_var,ageclass_50_59_var,ageclass_60_69_var,ageclass_70_79_var,ageclass_80_89_var,ageclass_90_99_var,ageclass_0_9_mean,ageclass_10_19_mean,ageclass_20_29_mean,ageclass_30_39_mean,ageclass_40_49_mean,ageclass_50_59_mean,ageclass_60_69_mean,ageclass_70_79_mean,ageclass_80_89_mean,ageclass_90_99_mean,day
931908.2333333335,3136308.233333336,8440970.499999989,7559897.344444452,23654247.788888976,101202585.2111109,216697905.15555406,611664438.2666644,297780435.11111116,36668111.21111117,24240.3,152091.7,197648.5,180943.7,347681.3,1178315.9,2366090.4,3334263.6,2646500.0,500252.9,0
931908.2333333335,3136308.233333336,8440970.499999989,7559897.344444452,23654247.788888976,101202585.2111109,216697905.15555406,611664438.2666644,297780435.11111116,36668111.21111117,24240.3,152091.7,197648.5,180943.7,347681.3,1178315.9,2366090.4,3334263.6,2646500.0,500252.9,1
