ageclass_0_9_var,ageclass_10_19_var,ageclass_20_29_var,ageclass_30_39_var,ageclass_40_49_var,ageclass_50_59_var,ageclass_60_69_var,ageclass_70_79_var,ageclass_80_89_var,ageclass_90_99_var,ageclass_0_9_mean,ageclass_10_19_mean,ageclass_20_29_mean,ageclass_30_39_mean,ageclass_40_49_mean,ageclass_50_59_mean,ageclass_60_69_mean,ageclass_70_79_mean,ageclass_80_89_mean,ageclass_90_99_mean,day
1616905.4333333327,5052184.100000002,13214593.211111141,11550290.766666677,32445332.40000003,397313265.155555,1474438831.8777757,3138106562.5444436,1585263600.5444384,79565264.01111096,25027.9,126521.9,163415.9,154716.1,283498.2,938061.4,1872368.9,2635745.1,2097525.1,394671.7,0
1616905.4333333327,5052184.100000002,13214593.211111141,11550290.766666677,32445332.40000003,397313265.155555,1474438831.8777757,3138106562.5444436,1585263600.5444384,79565264.01111096,25027.9,126521.9,163415.9,154716.1,283498.2,938061.4,1872368.9,2635745.1,2097525.1,394671.7,1
