ageclass_0_9_var,ageclass_10_19_var,ageclass_20_29_var,ageclass_30_39_var,ageclass_40_49_var,ageclass_50_59_var,ageclass_60_69_var,ageclass_70_79_var,ageclass_80_89_var,ageclass_90_99_var,ageclass_0_9_mean,ageclass_10_19_mean,ageclass_20_29_mean,ageclass_30_39_mean,ageclass_40_49_mean,ageclass_50_59_mean,ageclass_60_69_mean,ageclass_70_79_mean,ageclass_80_89_mean,ageclass_90_99_mean,day
1559020.7222222227,5063490.899999987,5821026.399999991,19978335.733333353,26531766.66666666,97546831.15555541,814618417.777776,1480900520.900001,432727428.0444469,33527046.711111188,23959.5,146765.7,190892.8,175942.8,336786.0,1136925.6,2284827.0,3226456.3,2553225.6,479923.6,0
1559020.7222222227,5063490.899999987,5821026.399999991,19978335.733333353,26531766.66666666,97546831.15555541,814618417.777776,1480900520.900001,432727428.0444469,33527046.711111188,23959.5,146765.7,190892.8,175942.8,336786.0,1136925.6,2284827.0,3226456.3,2553225.6,479923.6,1
