ageclass_0_9_var,ageclass_10_19_var,ageclass_20_29_var,ageclass_30_39_var,ageclass_40_49_var,ageclass_50_59_var,ageclass_60_69_var,ageclass_70_79_var,ageclass_80_89_var,ageclass_90_99_var,ageclass_0_9_mean,ageclass_10_19_mean,ageclass_20_29_mean,ageclass_30_39_mean,ageclass_40_49_mean,ageclass_50_59_mean,ageclass_60_69_mean,ageclass_70_79_mean,ageclass_80_89_mean,ageclass_90_99_mean,day
1114824.9444444443,4204159.066666656,14608611.211111104,7780579.433333335,31226758.500000067,313093522.01111096,1249044582.0111105,2180582006.988886,1279290295.8777723,44938120.23333359,24403.5,123689.8,160006.9,148094.1,276366.5,920913.7,1837799.3,2595190.9,2054883.1,387007.7,0
1114824.9444444443,4204159.066666656,14608611.211111104,7780579.433333335,31226758.500000067,313093522.01111096,1249044582.0111105,2180582006.988886,1279290295.8777723,44938120.23333359,24403.5,123689.8,160006.9,148094.1,276366.5,920913.7,1837799.3,2595190.9,2054883.1,387007.7,1
