ageclass_0_9_var,ageclass_10_19_var,ageclass_20_29_var,ageclass_30_39_var,ageclass_40_49_var,ageclass_50_59_var,ageclass_60_69_var,ageclass_70_79_var,ageclass_80_89_var,ageclass_90_99_var,ageclass_0_9_mean,ageclass_10_19_mean,ageclass_20_29_mean,ageclass_30_39_mean,ageclass_40_49_mean,ageclass_50_59_mean,ageclass_60_69_mean,ageclass_70_79_mean,ageclass_80_89_mean,ageclass_90_99_mean,day
1032599.5555555576,9443178.622222215,5683625.777777836,3805750.488888895,15889421.211111022,166012841.78888884,968483787.3888915,1873361316.7111087,1112210161.2888918,22417282.844444416,24191.0,146954.2,191379.0,176872.4,335729.9,1129838.3,2269493.5,3206790.4,2538483.8,480676.8,0
1032599.5555555576,9443178.622222215,5683625.777777836,3805750.488888895,15889421.211111022,166012841.78888884,968483787.3888915,1873361316.7111087,1112210161.2888918,22417282.844444416,24191.0,146954.2,191379.0,176872.4,335729.9,1129838.3,2269493.5,3206790.4,2538483.8,480676.8,1
