ageclass_0_9_var,ageclass_10_19_var,ageclass_20_29_var,ageclass_30_39_var,ageclass_40_49_var,ageclass_50_59_var,ageclass_60_69_var,ageclass_70_79_var,ageclass_80_89_var,ageclass_90_99_var,ageclass_0_9_mean,ageclass_10_19_mean,ageclass_20_29_mean,ageclass_30_39_mean,ageclass_40_49_mean,ageclass_50_59_mean,ageclass_60_69_mean,ageclass_70_79_mean,ageclass_80_89_mean,ageclass_90_99_mean,day
1467065.6111111108,12267066.988888897,42518550.05555568,29625232.844444435,107651865.95555566,984375238.322222,4076394228.177775,6774637619.733333,4459686395.833333,159715479.87777779,24099.5,124835.1,161176.5,150976.8,278530.2,922822.9,1839766.2,2590581.2,2060224.5,385743.1,0
1467065.6111111108,12267066.988888897,42518550.05555568,29625232.844444435,107651865.95555566,984375238.322222,4076394228.177775,6774637619.733333,4459686395.833333,159715479.87777779,24099.5,124835.1,161176.5,150976.8,278530.2,922822.9,1839766.2,2590581.2,2060224.5,385743.1,1
