ageclass_0_9_var,ageclass_10_19_var,ageclass_20_29_var,ageclass_30_39_var,ageclass_40_49_var,ageclass_50_59_var,ageclass_60_69_var,ageclass_70_79_var,ageclass_80_89_var,ageclass_90_99_var,ageclass_0_9_mean,ageclass_10_19_mean,ageclass_20_29_mean,ageclass_30_39_mean,ageclass_40_49_mean,ageclass_50_59_mean,ageclass_60_69_mean,ageclass_70_79_mean,ageclass_80_89_mean,ageclass_90_99_mean,day
1603885.344444444,14311516.988888888,37959801.788888894,26347508.72222225,106552120.32222228,1141743793.1555567,5098138308.944446,10097537721.600014,6321448239.166666,221581569.8222223,24997.7,111984.1,145634.7,135787.5,248395.9,819158.6,1625419.5,2282169.4,1817665.5,340771.6,0
1603885.344444444,14311516.988888888,37959801.788888894,26347508.72222225,106552120.32222228,1141743793.1555567,5098138308.944446,10097537721.600014,6321448239.166666,221581569.8222223,24997.7,111984.1,145634.7,135787.5,248395.9,819158.6,1625419.5,2282169.4,1817665.5,340771.6,1
