ageclass_0_9_var,ageclass_10_19_var,ageclass_20_29_var,ageclass_30_39_var,ageclass_40_49_var,ageclass_50_59_var,ageclass_60_69_var,ageclass_70_79_var,ageclass_80_89_var,ageclass_90_99_var,ageclass_0_9_mean,ageclass_10_19_mean,ageclass_20_29_mean,ageclass_30_39_mean,ageclass_40_49_mean,ageclass_50_59_mean,ageclass_60_69_mean,ageclass_70_79_mean,ageclass_80_89_mean,ageclass_90_99_mean,day
474433.7333333334,11484610.98888889,9195256.766666673,15159851.822222242,52592173.56666662,651139812.4888881,2484499822.2333317,4760401608.711117,3035686662.1777754,139236266.50000003,23902.8,115531.1,150059.9,138512.4,256151.3,841726.6,1680728.7,2370127.6,1884997.8,354047.5,0
474433.7333333334,11484610.98888889,9195256.766666673,15159851.822222242,52592173.56666662,651139812.4888881,2484499822.2333317,4760401608.711117,3035686662.1777754,139236266.50000003,23902.8,115531.1,150059.9,138512.4,256151.3,841726.6,1680728.7,2370127.6,1884997.8,354047.5,1
