Ageclass_0-9_var,Ageclass_10-19_var,Ageclass_20-29_var,Ageclass_30-39_var,Ageclass_40-49_var,Ageclass_50-59_var,Ageclass_60-69_var,Ageclass_70-79_var,Ageclass_80-89_var,Ageclass_90-99_var,Ageclass_0-9_mean,Ageclass_10-19_mean,Ageclass_20-29_mean,Ageclass_30-39_mean,Ageclass_40-49_mean,Ageclass_50-59_mean,Ageclass_60-69_mean,Ageclass_70-79_mean,Ageclass_80-89_mean,Ageclass_90-99_mean,day
890575.5666666661,17242205.211111113,41833903.95555556,36385541.33333332,129373202.04444449,1796725354.0111103,6914683806.266666,15434962322.54445,8918907440.266668,298366228.988889,24320.3,69346.1,88634.8,85555.0,143684.4,438032.7,851846.6,1187961.9,956439.4,178977.9,1
