ageclass_0_9_var,ageclass_10_19_var,ageclass_20_29_var,ageclass_30_39_var,ageclass_40_49_var,ageclass_50_59_var,ageclass_60_69_var,ageclass_70_79_var,ageclass_80_89_var,ageclass_90_99_var,ageclass_0_9_mean,ageclass_10_19_mean,ageclass_20_29_mean,ageclass_30_39_mean,ageclass_40_49_mean,ageclass_50_59_mean,ageclass_60_69_mean,ageclass_70_79_mean,ageclass_80_89_mean,ageclass_90_99_mean,day
386397.788888888,7616494.100000011,12071380.055555535,15044779.877777778,56826955.77777783,499067866.48888904,1658408906.4888878,2665983085.4333353,1743609313.5111105,51012908.48888895,23614.7,130932.9,172134.5,157960.9,298236.0,988699.4,1983292.6,2788192.1,2218284.8,418404.4,0
386397.788888888,7616494.100000011,12071380.055555535,15044779.877777778,56826955.77777783,499067866.48888904,1658408906.4888878,2665983085.4333353,1743609313.5111105,51012908.48888895,23614.7,130932.9,172134.5,157960.9,298236.0,988699.4,1983292.6,2788192.1,2218284.8,418404.4,1
