Ageclass_0-9_var,Ageclass_10-19_var,Ageclass_20-29_var,Ageclass_30-39_var,Ageclass_40-49_var,Ageclass_50-59_var,Ageclass_60-69_var,Ageclass_70-79_var,Ageclass_80-89_var,Ageclass_90-99_var,Ageclass_0-9_mean,Ageclass_10-19_mean,Ageclass_20-29_mean,Ageclass_30-39_mean,Ageclass_40-49_mean,Ageclass_50-59_mean,Ageclass_60-69_mean,Ageclass_70-79_mean,Ageclass_80-89_mean,Ageclass_90-99_mean,day
931908.2333333335,3136308.233333336,8440970.499999989,7559897.344444452,23654247.788888976,101202585.2111109,216697905.15555406,611664438.2666644,297780435.11111116,36668111.21111117,24240.3,152091.7,197648.5,180943.7,347681.3,1178315.9,2366090.4,3334263.6,2646500.0,500252.9,1
