Ageclass_0-9_var,Ageclass_10-19_var,Ageclass_20-29_var,Ageclass_30-39_var,Ageclass_40-49_var,Ageclass_50-59_var,Ageclass_60-69_var,Ageclass_70-79_var,Ageclass_80-89_var,Ageclass_90-99_var,Ageclass_0-9_mean,Ageclass_10-19_mean,Ageclass_20-29_mean,Ageclass_30-39_mean,Ageclass_40-49_mean,Ageclass_50-59_mean,Ageclass_60-69_mean,Ageclass_70-79_mean,Ageclass_80-89_mean,Ageclass_90-99_mean,day
547153.1111111108,6630720.455555554,7737590.222222213,7091400.844444447,52400764.93333333,293318106.44444454,906332222.055556,2093882591.2888913,1224476208.8444452,56168709.82222214,20987.0,123657.3,160528.0,151181.8,281679.4,947216.0,1900825.5,2680785.2,2130595.8,401508.4,1
