Ageclass_0-9_var,Ageclass_10-19_var,Ageclass_20-29_var,Ageclass_30-39_var,Ageclass_40-49_var,Ageclass_50-59_var,Ageclass_60-69_var,Ageclass_70-79_var,Ageclass_80-89_var,Ageclass_90-99_var,Ageclass_0-9_mean,Ageclass_10-19_mean,Ageclass_20-29_mean,Ageclass_30-39_mean,Ageclass_40-49_mean,Ageclass_50-59_mean,Ageclass_60-69_mean,Ageclass_70-79_mean,Ageclass_80-89_mean,Ageclass_90-99_mean,day
299090.1000000004,5702463.566666666,13859335.433333348,9532177.377777774,40431433.21111112,673275801.7888893,2200385044.9888883,4181965951.777781,2973540382.666666,113281186.45555557,23765.9,89342.7,115246.1,109420.6,191505.9,621505.7,1223124.9,1713048.0,1370076.0,255709.7,1
