Ageclass_0-9_var,Ageclass_10-19_var,Ageclass_20-29_var,Ageclass_30-39_var,Ageclass_40-49_var,Ageclass_50-59_var,Ageclass_60-69_var,Ageclass_70-79_var,Ageclass_80-89_var,Ageclass_90-99_var,Ageclass_0-9_mean,Ageclass_10-19_mean,Ageclass_20-29_mean,Ageclass_30-39_mean,Ageclass_40-49_mean,Ageclass_50-59_mean,Ageclass_60-69_mean,Ageclass_70-79_mean,Ageclass_80-89_mean,Ageclass_90-99_mean,day
1360798.2777777775,6965186.277777779,11614051.59999999,7306929.344444447,29656525.066666722,269466186.0444447,693069804.7666677,2587830931.211113,1553589374.1777759,41963064.844444424,25298.5,129026.5,165522.6,154102.3,286598.2,951215.6,1903481.1,2691537.9,2137414.2,401498.8,1
