ageclass_0_9_var,ageclass_10_19_var,ageclass_20_29_var,ageclass_30_39_var,ageclass_40_49_var,ageclass_50_59_var,ageclass_60_69_var,ageclass_70_79_var,ageclass_80_89_var,ageclass_90_99_var,ageclass_0_9_mean,ageclass_10_19_mean,ageclass_20_29_mean,ageclass_30_39_mean,ageclass_40_49_mean,ageclass_50_59_mean,ageclass_60_69_mean,ageclass_70_79_mean,ageclass_80_89_mean,ageclass_90_99_mean,day
1571146.0555555543,15094104.100000003,13146828.277777772,4770918.722222217,71820303.06666657,596564539.6111112,2141873323.7888854,3800410532.4888935,2498090901.2111044,106739017.6555556,25119.5,134665.9,174694.5,161693.5,304116.8,1008751.5,2022516.3,2844872.4,2259576.1,428028.1,0
1571146.0555555543,15094104.100000003,13146828.277777772,4770918.722222217,71820303.06666657,596564539.6111112,2141873323.7888854,3800410532.4888935,2498090901.2111044,106739017.6555556,25119.5,134665.9,174694.5,161693.5,304116.8,1008751.5,2022516.3,2844872.4,2259576.1,428028.1,1
