ageclass_0_9_var,ageclass_10_19_var,ageclass_20_29_var,ageclass_30_39_var,ageclass_40_49_var,ageclass_50_59_var,ageclass_60_69_var,ageclass_70_79_var,ageclass_80_89_var,ageclass_90_99_var,ageclass_0_9_mean,ageclass_10_19_mean,ageclass_20_29_mean,ageclass_30_39_mean,ageclass_40_49_mean,ageclass_50_59_mean,ageclass_60_69_mean,ageclass_70_79_mean,ageclass_80_89_mean,ageclass_90_99_mean,day
465031.8777777779,23053400.88888889,65126377.655555554,54751013.788888864,227995731.61111107,2730594249.599998,11896035283.111109,24693198764.222202,14650296289.344442,477245888.5,22375.1,83233.0,106300.1,102042.3,176868.5,569291.6,1121914.0,1575368.0,1254682.7,235531.5,0
465031.8777777779,23053400.88888889,65126377.655555554,54751013.788888864,227995731.61111107,2730594249.599998,11896035283.111109,24693198764.222202,14650296289.344442,477245888.5,22375.1,83233.0,106300.1,102042.3,176868.5,569291.6,1121914.0,1575368.0,1254682.7,235531.5,1
