Ageclass_0-9_var,Ageclass_10-19_var,Ageclass_20-29_var,Ageclass_30-39_var,Ageclass_40-49_var,Ageclass_50-59_var,Ageclass_60-69_var,Ageclass_70-79_var,Ageclass_80-89_var,Ageclass_90-99_var,Ageclass_0-9_mean,Ageclass_10-19_mean,Ageclass_20-29_mean,Ageclass_30-39_mean,Ageclass_40-49_mean,Ageclass_50-59_mean,Ageclass_60-69_mean,Ageclass_70-79_mean,Ageclass_80-89_mean,Ageclass_90-99_mean,day
539306.2333333334,6323609.87777776,6005841.877777774,6022170.400000055,46600139.9555556,386920613.34444547,1693275030.94444,2857026733.6111126,1924360192.8999987,69831246.04444437,21678.3,141497.1,182895.1,169788.8,323635.2,1093645.3,2196134.5,3102199.5,2463429.3,465781.6,1
