ageclass_0_9_var,ageclass_10_19_var,ageclass_20_29_var,ageclass_30_39_var,ageclass_40_49_var,ageclass_50_59_var,ageclass_60_69_var,ageclass_70_79_var,ageclass_80_89_var,ageclass_90_99_var,ageclass_0_9_mean,ageclass_10_19_mean,ageclass_20_29_mean,ageclass_30_39_mean,ageclass_40_49_mean,ageclass_50_59_mean,ageclass_60_69_mean,ageclass_70_79_mean,ageclass_80_89_mean,ageclass_90_99_mean,day
1402125.1666666684,1971806.4555555491,5674258.988888917,5034185.5555555485,24376989.822222274,151962328.10000098,518371188.45555687,897358950.8444408,614098752.5444449,12782839.822222231,23733.5,142021.3,185117.1,169477.0,323161.6,1094839.1,2204863.7,3106122.8,2458869.9,461858.4,0
1402125.1666666684,1971806.4555555491,5674258.988888917,5034185.5555555485,24376989.822222274,151962328.10000098,518371188.45555687,897358950.8444408,614098752.5444449,12782839.822222231,23733.5,142021.3,185117.1,169477.0,323161.6,1094839.1,2204863.7,3106122.8,2458869.9,461858.4,1
