Ageclass_0-9_var,Ageclass_10-19_var,Ageclass_20-29_var,Ageclass_30-39_var,Ageclass_40-49_var,Ageclass_50-59_var,Ageclass_60-69_var,Ageclass_70-79_var,Ageclass_80-89_var,Ageclass_90-99_var,Ageclass_0-9_mean,Ageclass_10-19_mean,Ageclass_20-29_mean,Ageclass_30-39_mean,Ageclass_40-49_mean,Ageclass_50-59_mean,Ageclass_60-69_mean,Ageclass_70-79_mean,Ageclass_80-89_mean,Ageclass_90-99_mean,day
892361.511111111,8852171.377777778,20292271.388888907,14693352.044444453,74638304.93333331,863213156.0999994,3445690889.1111107,7100614210.27778,4239409001.5666656,150985169.5111111,27579.2,54465.6,69707.5,66993.4,101821.4,283676.9,531007.0,725865.5,588943.3,109719.8,1
