Ageclass_0-9_var,Ageclass_10-19_var,Ageclass_20-29_var,Ageclass_30-39_var,Ageclass_40-49_var,Ageclass_50-59_var,Ageclass_60-69_var,Ageclass_70-79_var,Ageclass_80-89_var,Ageclass_90-99_var,Ageclass_0-9_mean,Ageclass_10-19_mean,Ageclass_20-29_mean,Ageclass_30-39_mean,Ageclass_40-49_mean,Ageclass_50-59_mean,Ageclass_60-69_mean,Ageclass_70-79_mean,Ageclass_80-89_mean,Ageclass_90-99_mean,day
1234716.4000000004,6449106.48888889,4916444.622222194,4904540.66666667,25567229.333333306,99621511.34444404,413269706.49999946,749864292.0555552,468497264.3999992,30691139.833333354,22748.8,146958.4,191639.2,175684.0,336790.0,1143329.3,2306065.5,3253933.5,2575558.2,487067.5,1
