ageclass_0_9_var,ageclass_10_19_var,ageclass_20_29_var,ageclass_30_39_var,ageclass_40_49_var,ageclass_50_59_var,ageclass_60_69_var,ageclass_70_79_var,ageclass_80_89_var,ageclass_90_99_var,ageclass_0_9_mean,ageclass_10_19_mean,ageclass_20_29_mean,ageclass_30_39_mean,ageclass_40_49_mean,ageclass_50_59_mean,ageclass_60_69_mean,ageclass_70_79_mean,ageclass_80_89_mean,ageclass_90_99_mean,day
501339.2888888895,9485310.677777778,19422144.044444453,14132562.844444443,72338382.04444444,723702314.7222221,2898003467.833333,5804248187.288889,3774812952.5444436,128597689.51111108,26633.8,49804.7,62139.6,59677.8,89291.4,240732.5,443286.5,595654.8,483837.1,89850.8,0
501339.2888888895,9485310.677777778,19422144.044444453,14132562.844444443,72338382.04444444,723702314.7222221,2898003467.833333,5804248187.288889,3774812952.5444436,128597689.51111108,26633.8,49804.7,62139.6,59677.8,89291.4,240732.5,443286.5,595654.8,483837.1,89850.8,1
