ageclass_0_9_var,ageclass_10_19_var,ageclass_20_29_var,ageclass_30_39_var,ageclass_40_49_var,ageclass_50_59_var,ageclass_60_69_var,ageclass_70_79_var,ageclass_80_89_var,ageclass_90_99_var,ageclass_0_9_mean,ageclass_10_19_mean,ageclass_20_29_mean,ageclass_30_39_mean,ageclass_40_49_mean,ageclass_50_59_mean,ageclass_60_69_mean,ageclass_70_79_mean,ageclass_80_89_mean,ageclass_90_99_mean,day
347211.82222222094,4168424.899999996,9498788.444444455,6964682.266666669,19975505.066666503,77202203.78888868,163710245.7333337,421990502.4555551,213006190.94444525,26661119.566666607,20900.6,145964.7,189054.0,175650.6,334793.8,1141702.3,2296212.8,3251889.7,2579376.5,486205.3,0
347211.82222222094,4168424.899999996,9498788.444444455,6964682.266666669,19975505.066666503,77202203.78888868,163710245.7333337,421990502.4555551,213006190.94444525,26661119.566666607,20900.6,145964.7,189054.0,175650.6,334793.8,1141702.3,2296212.8,3251889.7,2579376.5,486205.3,1
