ageclass_0_9_var,ageclass_10_19_var,ageclass_20_29_var,ageclass_30_39_var,ageclass_40_49_var,ageclass_50_59_var,ageclass_60_69_var,ageclass_70_79_var,ageclass_80_89_var,ageclass_90_99_var,ageclass_0_9_mean,ageclass_10_19_mean,ageclass_20_29_mean,ageclass_30_39_mean,ageclass_40_49_mean,ageclass_50_59_mean,ageclass_60_69_mean,ageclass_70_79_mean,ageclass_80_89_mean,ageclass_90_99_mean,day
1104593.111111111,5020854.988888881,12129101.51111111,11112399.655555565,7528941.288888865,130960541.12222171,350700119.7333319,693003658.6777797,287756190.45555425,14863377.73333329,22449.0,138635.1,179330.8,166786.1,315920.8,1071169.3,2149509.8,3035554.7,2402847.3,455194.2,0
1104593.111111111,5020854.988888881,12129101.51111111,11112399.655555565,7528941.288888865,130960541.12222171,350700119.7333319,693003658.6777797,287756190.45555425,14863377.73333329,22449.0,138635.1,179330.8,166786.1,315920.8,1071169.3,2149509.8,3035554.7,2402847.3,455194.2,1
