ageclass_0_9_var,ageclass_10_19_var,ageclass_20_29_var,ageclass_30_39_var,ageclass_40_49_var,ageclass_50_59_var,ageclass_60_69_var,ageclass_70_79_var,ageclass_80_89_var,ageclass_90_99_var,ageclass_0_9_mean,ageclass_10_19_mean,ageclass_20_29_mean,ageclass_30_39_mean,ageclass_40_49_mean,ageclass_50_59_mean,ageclass_60_69_mean,ageclass_70_79_mean,ageclass_80_89_mean,ageclass_90_99_mean,day
663810.0555555553,26612244.9888889,28909719.21111102,16167983.066666672,109987219.6555555,1424215974.100001,4504994005.377767,8823087875.28889,5176921157.877773,210109698.45555547,21592.5,114052.9,148394.9,138779.8,257904.1,860855.1,1709251.6,2404772.8,1912911.1,359361.3,0
663810.0555555553,26612244.9888889,28909719.21111102,16167983.066666672,109987219.6555555,1424215974.100001,4504994005.377767,8823087875.28889,5176921157.877773,210109698.45555547,21592.5,114052.9,148394.9,138779.8,257904.1,860855.1,1709251.6,2404772.8,1912911.1,359361.3,1
