Ageclass_0-9_var,Ageclass_10-19_var,Ageclass_20-29_var,Ageclass_30-39_var,Ageclass_40-49_var,Ageclass_50-59_var,Ageclass_60-69_var,Ageclass_70-79_var,Ageclass_80-89_var,Ageclass_90-99_var,Ageclass_0-9_mean,Ageclass_10-19_mean,Ageclass_20-29_mean,Ageclass_30-39_mean,Ageclass_40-49_mean,Ageclass_50-59_mean,Ageclass_60-69_mean,Ageclass_70-79_mean,Ageclass_80-89_mean,Ageclass_90-99_mean,day
562507.8777777771,8215380.000000021,12716507.066666633,11232284.044444455,55265241.788888946,394701662.54444474,1685963314.322224,3313387460.8444405,2470796802.499999,107422380.49999991,24225.9,142472.0,185008.8,169619.4,324509.7,1084296.9,2176787.1,3072885.2,2439125.5,458513.5,1
