ageclass_0_9_var,ageclass_10_19_var,ageclass_20_29_var,ageclass_30_39_var,ageclass_40_49_var,ageclass_50_59_var,ageclass_60_69_var,ageclass_70_79_var,ageclass_80_89_var,ageclass_90_99_var,ageclass_0_9_mean,ageclass_10_19_mean,ageclass_20_29_mean,ageclass_30_39_mean,ageclass_40_49_mean,ageclass_50_59_mean,ageclass_60_69_mean,ageclass_70_79_mean,ageclass_80_89_mean,ageclass_90_99_mean,day
412566.54444444453,9683438.844444457,9137276.177777788,21239442.677777793,38853345.34444452,356849342.54444337,980471956.4444395,2037042314.4444385,1085827820.4000032,40127452.266666636,23931.1,155440.2,199207.2,183706.7,351417.7,1190100.9,2387467.0,3374529.0,2674634.2,503850.4,0
412566.54444444453,9683438.844444457,9137276.177777788,21239442.677777793,38853345.34444452,356849342.54444337,980471956.4444395,2037042314.4444385,1085827820.4000032,40127452.266666636,23931.1,155440.2,199207.2,183706.7,351417.7,1190100.9,2387467.0,3374529.0,2674634.2,503850.4,1
