ageclass_0_9_var,ageclass_10_19_var,ageclass_20_29_var,ageclass_30_39_var,ageclass_40_49_var,ageclass_50_59_var,ageclass_60_69_var,ageclass_70_79_var,ageclass_80_89_var,ageclass_90_99_var,ageclass_0_9_mean,ageclass_10_19_mean,ageclass_20_29_mean,ageclass_30_39_mean,ageclass_40_49_mean,ageclass_50_59_mean,ageclass_60_69_mean,ageclass_70_79_mean,ageclass_80_89_mean,ageclass_90_99_mean,day
1545512.7666666673,7190568.011111116,14876413.333333319,4639838.766666663,13888074.233333334,171120824.04444405,546620556.1777768,1596253331.4333334,678101026.7111111,42853791.82222223,24157.9,148270.3,193762.0,177014.1,338545.7,1143202.4,2292643.2,3241685.1,2575176.4,482366.6,0
1545512.7666666673,7190568.011111116,14876413.333333319,4639838.766666663,13888074.233333334,171120824.04444405,546620556.1777768,1596253331.4333334,678101026.7111111,42853791.82222223,24157.9,148270.3,193762.0,177014.1,338545.7,1143202.4,2292643.2,3241685.1,2575176.4,482366.6,1
