ageclass_0_9_var,ageclass_10_19_var,ageclass_20_29_var,ageclass_30_39_var,ageclass_40_49_var,ageclass_50_59_var,ageclass_60_69_var,ageclass_70_79_var,ageclass_80_89_var,ageclass_90_99_var,ageclass_0_9_mean,ageclass_10_19_mean,ageclass_20_29_mean,ageclass_30_39_mean,ageclass_40_49_mean,ageclass_50_59_mean,ageclass_60_69_mean,ageclass_70_79_mean,ageclass_80_89_mean,ageclass_90_99_mean,day
394835.51111111126,24028695.288888898,23107752.100000005,12977529.655555567,51506666.22222225,688176059.5999994,2564197715.733331,4172278947.2111063,3265329988.666672,112713877.95555563,22046.2,105926.8,135542.1,128362.1,234604.0,776884.6,1545948.2,2177403.9,1733320.0,325447.8,0
394835.51111111126,24028695.288888898,23107752.100000005,12977529.655555567,51506666.22222225,688176059.5999994,2564197715.733331,4172278947.2111063,3265329988.666672,112713877.95555563,22046.2,105926.8,135542.1,128362.1,234604.0,776884.6,1545948.2,2177403.9,1733320.0,325447.8,1
