Ageclass_0-9_var,Ageclass_10-19_var,Ageclass_20-29_var,Ageclass_30-39_var,Ageclass_40-49_var,Ageclass_50-59_var,Ageclass_60-69_var,Ageclass_70-79_var,Ageclass_80-89_var,Ageclass_90-99_var,Ageclass_0-9_mean,Ageclass_10-19_mean,Ageclass_20-29_mean,Ageclass_30-39_mean,Ageclass_40-49_mean,Ageclass_50-59_mean,Ageclass_60-69_mean,Ageclass_70-79_mean,Ageclass_80-89_mean,Ageclass_90-99_mean,day
348638.9888888893,2184782.9333333303,2623940.2666666517,4966970.044444443,18274741.566666562,100828417.12222211,517127152.8444447,755037326.399999,492200182.0000004,24919976.499999996,24675.1,139629.4,179701.6,165120.4,313005.7,1044597.3,2097023.8,2961317.8,2349483.0,443022.5,1
