Ageclass_0-9_var,Ageclass_10-19_var,Ageclass_20-29_var,Ageclass_30-39_var,Ageclass_40-49_var,Ageclass_50-59_var,Ageclass_60-69_var,Ageclass_70-79_var,Ageclass_80-89_var,Ageclass_90-99_var,Ageclass_0-9_mean,Ageclass_10-19_mean,Ageclass_20-29_mean,Ageclass_30-39_mean,Ageclass_40-49_mean,Ageclass_50-59_mean,Ageclass_60-69_mean,Ageclass_70-79_mean,Ageclass_80-89_mean,Ageclass_90-99_mean,day
465031.8777777779,23053400.88888889,65126377.655555554,54751013.788888864,227995731.61111107,2730594249.599998,11896035283.111109,24693198764.222202,14650296289.344442,477245888.5,22375.1,83233.0,106300.1,102042.3,176868.5,569291.6,1121914.0,1575368.0,1254682.7,235531.5,1
