Ageclass_0-9_var,Ageclass_10-19_var,Ageclass_20-29_var,Ageclass_30-39_var,Ageclass_40-49_var,Ageclass_50-59_var,Ageclass_60-69_var,Ageclass_70-79_var,Ageclass_80-89_var,Ageclass_90-99_var,Ageclass_0-9_mean,Ageclass_10-19_mean,Ageclass_20-29_mean,Ageclass_30-39_mean,Ageclass_40-49_mean,Ageclass_50-59_mean,Ageclass_60-69_mean,Ageclass_70-79_mean,Ageclass_80-89_mean,Ageclass_90-99_mean,day
1644446.4555555559,7080309.777777798,9943575.611111151,5732752.899999992,29974488.844444394,201450584.32222423,468232693.34444165,770803233.0666672,679080178.5444455,24893663.955555633,22990.3,151943.0,195494.5,179007.7,344366.8,1160544.1,2334777.7,3299813.2,2610162.1,493372.8,1
