ageclass_0_9_var,ageclass_10_19_var,ageclass_20_29_var,ageclass_30_39_var,ageclass_40_49_var,ageclass_50_59_var,ageclass_60_69_var,ageclass_70_79_var,ageclass_80_89_var,ageclass_90_99_var,ageclass_0_9_mean,ageclass_10_19_mean,ageclass_20_29_mean,ageclass_30_39_mean,ageclass_40_49_mean,ageclass_50_59_mean,ageclass_60_69_mean,ageclass_70_79_mean,ageclass_80_89_mean,ageclass_90_99_mean,day
349934.48888888874,8750928.76666666,9953698.233333312,15567857.566666672,21195605.56666665,204608012.54444456,913571806.7666671,1116624711.2111137,648615699.4333272,41012837.599999994,20278.4,153442.1,198370.7,183481.7,353523.7,1203969.9,2428809.9,3439750.9,2722554.1,517230.6,0
349934.48888888874,8750928.76666666,9953698.233333312,15567857.566666672,21195605.56666665,204608012.54444456,913571806.7666671,1116624711.2111137,648615699.4333272,41012837.599999994,20278.4,153442.1,198370.7,183481.7,353523.7,1203969.9,2428809.9,3439750.9,2722554.1,517230.6,1
