ageclass_0_9_var,ageclass_10_19_var,ageclass_20_29_var,ageclass_30_39_var,ageclass_40_49_var,ageclass_50_59_var,ageclass_60_69_var,ageclass_70_79_var,ageclass_80_89_var,ageclass_90_99_var,ageclass_0_9_mean,ageclass_10_19_mean,ageclass_20_29_mean,ageclass_30_39_mean,ageclass_40_49_mean,ageclass_50_59_mean,ageclass_60_69_mean,ageclass_70_79_mean,ageclass_80_89_mean,ageclass_90_99_mean,day
581781.2888888892,9074536.711111119,16411252.944444481,9570711.555555476,21030044.044444468,147768978.98888898,341285156.6222224,918062282.2666659,598770299.5999992,23500937.82222217,23598.8,145198.4,188077.5,173494.0,330337.4,1114654.9,2235296.8,3158927.4,2504866.6,470919.6,0
581781.2888888892,9074536.711111119,16411252.944444481,9570711.555555476,21030044.044444468,147768978.98888898,341285156.6222224,918062282.2666659,598770299.5999992,23500937.82222217,23598.8,145198.4,188077.5,173494.0,330337.4,1114654.9,2235296.8,3158927.4,2504866.6,470919.6,1
