Ageclass_0-9_var,Ageclass_10-19_var,Ageclass_20-29_var,Ageclass_30-39_var,Ageclass_40-49_var,Ageclass_50-59_var,Ageclass_60-69_var,Ageclass_70-79_var,Ageclass_80-89_var,Ageclass_90-99_var,Ageclass_0-9_mean,Ageclass_10-19_mean,Ageclass_20-29_mean,Ageclass_30-39_mean,Ageclass_40-49_mean,Ageclass_50-59_mean,Ageclass_60-69_mean,Ageclass_70-79_mean,Ageclass_80-89_mean,Ageclass_90-99_mean,day
843449.9555555553,6455854.944444452,12325236.488888904,13303468.72222225,26607468.544444546,464994760.7222221,1154789911.2888913,2795672753.344449,1359733108.2333407,65446668.62222225,21278.8,142776.5,184280.4,170992.5,330282.1,1111836.5,2246314.2,3174216.7,2518491.7,473859.8,1
