ageclass_0_9_var,ageclass_10_19_var,ageclass_20_29_var,ageclass_30_39_var,ageclass_40_49_var,ageclass_50_59_var,ageclass_60_69_var,ageclass_70_79_var,ageclass_80_89_var,ageclass_90_99_var,ageclass_0_9_mean,ageclass_10_19_mean,ageclass_20_29_mean,ageclass_30_39_mean,ageclass_40_49_mean,ageclass_50_59_mean,ageclass_60_69_mean,ageclass_70_79_mean,ageclass_80_89_mean,ageclass_90_99_mean,day
1052071.5111111116,12374320.988888873,16460481.822222194,15842008.766666677,53798384.23333325,664874806.0999998,3330639361.3444448,5638559757.34445,3412839438.8444448,111879792.84444445,23084.8,136194.9,175839.4,163730.9,306611.7,1034264.1,2072198.7,2931585.7,2320531.8,438859.2,0
1052071.5111111116,12374320.988888873,16460481.822222194,15842008.766666677,53798384.23333325,664874806.0999998,3330639361.3444448,5638559757.34445,3412839438.8444448,111879792.84444445,23084.8,136194.9,175839.4,163730.9,306611.7,1034264.1,2072198.7,2931585.7,2320531.8,438859.2,1
