Ageclass_0-9_var,Ageclass_10-19_var,Ageclass_20-29_var,Ageclass_30-39_var,Ageclass_40-49_var,Ageclass_50-59_var,Ageclass_60-69_var,Ageclass_70-79_var,Ageclass_80-89_var,Ageclass_90-99_var,Ageclass_0-9_mean,Ageclass_10-19_mean,Ageclass_20-29_mean,Ageclass_30-39_mean,Ageclass_40-49_mean,Ageclass_50-59_mean,Ageclass_60-69_mean,Ageclass_70-79_mean,Ageclass_80-89_mean,Ageclass_90-99_mean,day
578903.1222222224,6222590.888888892,6351311.511111114,8879066.711111113,24854986.399999984,199294731.43333367,764389064.8444444,1048726005.4333384,886405154.9333348,40584073.34444428,21105.7,129796.0,167705.2,156125.6,296618.2,994430.9,2001172.8,2825974.1,2239392.4,421226.3,1
