Ageclass_0-9_var,Ageclass_10-19_var,Ageclass_20-29_var,Ageclass_30-39_var,Ageclass_40-49_var,Ageclass_50-59_var,Ageclass_60-69_var,Ageclass_70-79_var,Ageclass_80-89_var,Ageclass_90-99_var,Ageclass_0-9_mean,Ageclass_10-19_mean,Ageclass_20-29_mean,Ageclass_30-39_mean,Ageclass_40-49_mean,Ageclass_50-59_mean,Ageclass_60-69_mean,Ageclass_70-79_mean,Ageclass_80-89_mean,Ageclass_90-99_mean,day
634334.4888888887,266742.9000000008,2102607.1222222243,1610809.7333333332,1299926.8444444442,1120994.3222222226,1624910.7111111118,365713.5111111111,591951.7777777776,12589.600000000008,29488.4,28422.7,36246.7,36371.2,34947.8,40648.9,32564.4,540.8,11848.0,2013.6,1
