ageclass_0_9_var,ageclass_10_19_var,ageclass_20_29_var,ageclass_30_39_var,ageclass_40_49_var,ageclass_50_59_var,ageclass_60_69_var,ageclass_70_79_var,ageclass_80_89_var,ageclass_90_99_var,ageclass_0_9_mean,ageclass_10_19_mean,ageclass_20_29_mean,ageclass_30_39_mean,ageclass_40_49_mean,ageclass_50_59_mean,ageclass_60_69_mean,ageclass_70_79_mean,ageclass_80_89_mean,ageclass_90_99_mean,day
658940.2777777775,4322851.122222225,12014795.211111104,7907117.288888887,34392521.733333334,455028144.22222227,1931281847.9555554,4068438217.377778,2456470770.7666664,81214711.87777779,26169.5,30436.3,37922.9,38213.2,43036.2,77945.0,118333.8,130249.4,111142.1,20815.1,0
658940.2777777775,4322851.122222225,12014795.211111104,7907117.288888887,34392521.733333334,455028144.22222227,1931281847.9555554,4068438217.377778,2456470770.7666664,81214711.87777779,26169.5,30436.3,37922.9,38213.2,43036.2,77945.0,118333.8,130249.4,111142.1,20815.1,1
