ageclass_0_9_var,ageclass_10_19_var,ageclass_20_29_var,ageclass_30_39_var,ageclass_40_49_var,ageclass_50_59_var,ageclass_60_69_var,ageclass_70_79_var,ageclass_80_89_var,ageclass_90_99_var,ageclass_0_9_mean,ageclass_10_19_mean,ageclass_20_29_mean,ageclass_30_39_mean,ageclass_40_49_mean,ageclass_50_59_mean,ageclass_60_69_mean,ageclass_70_79_mean,ageclass_80_89_mean,ageclass_90_99_mean,day
1273863.5111111114,7658790.544444425,6054939.78888895,8030208.277777781,33868779.56666681,166150955.16666678,408676349.5111121,1034208532.8444399,688599166.399997,59507568.488888904,21025.8,140564.9,182602.7,168438.5,320280.3,1091952.5,2194333.8,3105172.2,2462970.8,464234.6,0
1273863.5111111114,7658790.544444425,6054939.78888895,8030208.277777781,33868779.56666681,166150955.16666678,408676349.5111121,1034208532.8444399,688599166.399997,59507568.488888904,21025.8,140564.9,182602.7,168438.5,320280.3,1091952.5,2194333.8,3105172.2,2462970.8,464234.6,1
