ageclass_0_9_var,ageclass_10_19_var,ageclass_20_29_var,ageclass_30_39_var,ageclass_40_49_var,ageclass_50_59_var,ageclass_60_69_var,ageclass_70_79_var,ageclass_80_89_var,ageclass_90_99_var,ageclass_0_9_mean,ageclass_10_19_mean,ageclass_20_29_mean,ageclass_30_39_mean,ageclass_40_49_mean,ageclass_50_59_mean,ageclass_60_69_mean,ageclass_70_79_mean,ageclass_80_89_mean,ageclass_90_99_mean,day
881858.0555555557,6864043.122222215,17587808.322222233,7417912.488888913,19983147.655555587,80406234.98888843,406323084.399998,1013252850.9888891,197332850.0444448,18687505.388888918,21316.5,148830.3,193052.1,177275.4,339877.9,1156454.1,2327552.2,3297437.1,2611082.4,492803.5,0
881858.0555555557,6864043.122222215,17587808.322222233,7417912.488888913,19983147.655555587,80406234.98888843,406323084.399998,1013252850.9888891,197332850.0444448,18687505.388888918,21316.5,148830.3,193052.1,177275.4,339877.9,1156454.1,2327552.2,3297437.1,2611082.4,492803.5,1
