ageclass_0_9_var,ageclass_10_19_var,ageclass_20_29_var,ageclass_30_39_var,ageclass_40_49_var,ageclass_50_59_var,ageclass_60_69_var,ageclass_70_79_var,ageclass_80_89_var,ageclass_90_99_var,ageclass_0_9_mean,ageclass_10_19_mean,ageclass_20_29_mean,ageclass_30_39_mean,ageclass_40_49_mean,ageclass_50_59_mean,ageclass_60_69_mean,ageclass_70_79_mean,ageclass_80_89_mean,ageclass_90_99_mean,day
1154490.0444444446,13220628.322222218,10560053.344444443,11849468.544444412,25945412.09999999,244372457.37777674,1248035901.5555556,2675716085.9555545,1461997946.444445,49286306.6777777,21694.4,144296.1,188951.3,173424.1,332154.1,1127395.6,2257570.0,3193650.2,2531779.0,476437.3,0
1154490.0444444446,13220628.322222218,10560053.344444443,11849468.544444412,25945412.09999999,244372457.37777674,1248035901.5555556,2675716085.9555545,1461997946.444445,49286306.6777777,21694.4,144296.1,188951.3,173424.1,332154.1,1127395.6,2257570.0,3193650.2,2531779.0,476437.3,1
