ageclass_0_9_var,ageclass_10_19_var,ageclass_20_29_var,ageclass_30_39_var,ageclass_40_49_var,ageclass_50_59_var,ageclass_60_69_var,ageclass_70_79_var,ageclass_80_89_var,ageclass_90_99_var,ageclass_0_9_mean,ageclass_10_19_mean,ageclass_20_29_mean,ageclass_30_39_mean,ageclass_40_49_mean,ageclass_50_59_mean,ageclass_60_69_mean,ageclass_70_79_mean,ageclass_80_89_mean,ageclass_90_99_mean,day
454474.6666666667,5886103.877777775,4626800.399999997,14860577.877777787,32260622.766666703,405893619.2888897,1645283517.6111102,2834729262.000002,2000329846.3222225,78522429.73333335,23814.0,98899.1,126173.8,120290.9,214752.1,700525.8,1381160.5,1943435.0,1548571.1,290209.8,0
454474.6666666667,5886103.877777775,4626800.399999997,14860577.877777787,32260622.766666703,405893619.2888897,1645283517.6111102,2834729262.000002,2000329846.3222225,78522429.73333335,23814.0,98899.1,126173.8,120290.9,214752.1,700525.8,1381160.5,1943435.0,1548571.1,290209.8,1
