Ageclass_0-9_var,Ageclass_10-19_var,Ageclass_20-29_var,Ageclass_30-39_var,Ageclass_40-49_var,Ageclass_50-59_var,Ageclass_60-69_var,Ageclass_70-79_var,Ageclass_80-89_var,Ageclass_90-99_var,Ageclass_0-9_mean,Ageclass_10-19_mean,Ageclass_20-29_mean,Ageclass_30-39_mean,Ageclass_40-49_mean,Ageclass_50-59_mean,Ageclass_60-69_mean,Ageclass_70-79_mean,Ageclass_80-89_mean,Ageclass_90-99_mean,day
727040.6777777781,6044952.266666663,5011471.733333319,8105135.3888888825,42480630.322222255,451574855.6555552,1553846142.9333344,2477471931.122228,1309536763.7333329,53025375.211111106,24822.3,126417.6,163439.8,151708.5,283809.9,939966.9,1876217.4,2643719.3,2097594.8,396084.1,1
