Ageclass_0-9_var,Ageclass_10-19_var,Ageclass_20-29_var,Ageclass_30-39_var,Ageclass_40-49_var,Ageclass_50-59_var,Ageclass_60-69_var,Ageclass_70-79_var,Ageclass_80-89_var,Ageclass_90-99_var,Ageclass_0-9_mean,Ageclass_10-19_mean,Ageclass_20-29_mean,Ageclass_30-39_mean,Ageclass_40-49_mean,Ageclass_50-59_mean,Ageclass_60-69_mean,Ageclass_70-79_mean,Ageclass_80-89_mean,Ageclass_90-99_mean,day
1897536.7222222243,9323237.377777783,6753414.933333349,5612392.266666662,63943930.26666669,266462565.9555557,638316245.1666677,1807790331.377771,1455401135.599994,58504250.2666667,20597.5,145499.4,188231.6,173974.6,335334.6,1138930.2,2293137.5,3244631.6,2567537.6,484150.6,1
