Ageclass_0-9_var,Ageclass_10-19_var,Ageclass_20-29_var,Ageclass_30-39_var,Ageclass_40-49_var,Ageclass_50-59_var,Ageclass_60-69_var,Ageclass_70-79_var,Ageclass_80-89_var,Ageclass_90-99_var,Ageclass_0-9_mean,Ageclass_10-19_mean,Ageclass_20-29_mean,Ageclass_30-39_mean,Ageclass_40-49_mean,Ageclass_50-59_mean,Ageclass_60-69_mean,Ageclass_70-79_mean,Ageclass_80-89_mean,Ageclass_90-99_mean,day
943426.6222222218,8036537.733333332,21281769.60000001,24805552.399999976,25269780.622222215,454288921.1222217,2054063486.4555533,4264912702.6666684,2738850107.8222218,124830254.49999994,20699.8,127797.2,163848.6,154154.2,288230.8,969137.3,1945241.3,2739407.0,2181005.6,410902.5,1
