ageclass_0_9_var,ageclass_10_19_var,ageclass_20_29_var,ageclass_30_39_var,ageclass_40_49_var,ageclass_50_59_var,ageclass_60_69_var,ageclass_70_79_var,ageclass_80_89_var,ageclass_90_99_var,ageclass_0_9_mean,ageclass_10_19_mean,ageclass_20_29_mean,ageclass_30_39_mean,ageclass_40_49_mean,ageclass_50_59_mean,ageclass_60_69_mean,ageclass_70_79_mean,ageclass_80_89_mean,ageclass_90_99_mean,day
334770.3999999998,8020440.766666647,6291225.777777782,6267538.900000009,17496223.83333335,196792559.37777758,524736017.1555564,1146555723.2111087,484759657.82221824,37273785.655555554,20570.8,136824.9,180459.0,169204.3,318574.5,1076086.6,2165260.4,3069575.1,2422874.6,458563.1,0
334770.3999999998,8020440.766666647,6291225.777777782,6267538.900000009,17496223.83333335,196792559.37777758,524736017.1555564,1146555723.2111087,484759657.82221824,37273785.655555554,20570.8,136824.9,180459.0,169204.3,318574.5,1076086.6,2165260.4,3069575.1,2422874.6,458563.1,1
