ageclass_0_9_var,ageclass_10_19_var,ageclass_20_29_var,ageclass_30_39_var,ageclass_40_49_var,ageclass_50_59_var,ageclass_60_69_var,ageclass_70_79_var,ageclass_80_89_var,ageclass_90_99_var,ageclass_0_9_mean,ageclass_10_19_mean,ageclass_20_29_mean,ageclass_30_39_mean,ageclass_40_49_mean,ageclass_50_59_mean,ageclass_60_69_mean,ageclass_70_79_mean,ageclass_80_89_mean,ageclass_90_99_mean,day
650804.7111111117,7847124.899999998,11473014.100000005,4408090.099999958,25225777.34444446,242082898.2333331,1220088417.511111,2130947845.6555562,1172166135.0666666,57929741.95555557,25525.6,123876.3,159052.9,148521.1,272071.7,904871.3,1811417.2,2546189.9,2026610.8,383157.2,0
650804.7111111117,7847124.899999998,11473014.100000005,4408090.099999958,25225777.34444446,242082898.2333331,1220088417.511111,2130947845.6555562,1172166135.0666666,57929741.95555557,25525.6,123876.3,159052.9,148521.1,272071.7,904871.3,1811417.2,2546189.9,2026610.8,383157.2,1
