ageclass_0_9_var,ageclass_10_19_var,ageclass_20_29_var,ageclass_30_39_var,ageclass_40_49_var,ageclass_50_59_var,ageclass_60_69_var,ageclass_70_79_var,ageclass_80_89_var,ageclass_90_99_var,ageclass_0_9_mean,ageclass_10_19_mean,ageclass_20_29_mean,ageclass_30_39_mean,ageclass_40_49_mean,ageclass_50_59_mean,ageclass_60_69_mean,ageclass_70_79_mean,ageclass_80_89_mean,ageclass_90_99_mean,day
418097.788888889,11833065.555555549,11898449.288888896,18801531.60000005,46410761.7888889,491117222.1777777,2109487237.5666683,4127608542.5444446,2447103722.7222238,105183460.2666667,21517.3,111712.0,144831.2,135679.4,250661.3,836328.2,1668399.3,2361470.1,1879409.5,351502.4,0
418097.788888889,11833065.555555549,11898449.288888896,18801531.60000005,46410761.7888889,491117222.1777777,2109487237.5666683,4127608542.5444446,2447103722.7222238,105183460.2666667,21517.3,111712.0,144831.2,135679.4,250661.3,836328.2,1668399.3,2361470.1,1879409.5,351502.4,1
