Ageclass_0-9_var,Ageclass_10-19_var,Ageclass_20-29_var,Ageclass_30-39_var,Ageclass_40-49_var,Ageclass_50-59_var,Ageclass_60-69_var,Ageclass_70-79_var,Ageclass_80-89_var,Ageclass_90-99_var,Ageclass_0-9_mean,Ageclass_10-19_mean,Ageclass_20-29_mean,Ageclass_30-39_mean,Ageclass_40-49_mean,Ageclass_50-59_mean,Ageclass_60-69_mean,Ageclass_70-79_mean,Ageclass_80-89_mean,Ageclass_90-99_mean,day
618703.8333333335,4871857.16666667,7832068.177777724,7159802.011111108,16871944.988888904,197279092.54444483,484344693.99999744,1078041463.2111104,544878834.4555576,28747795.388888918,21741.5,136715.5,178901.8,164008.7,313941.1,1063358.1,2131476.0,3019255.9,2391896.3,448628.5,1
