Ageclass_0-9_var,Ageclass_10-19_var,Ageclass_20-29_var,Ageclass_30-39_var,Ageclass_40-49_var,Ageclass_50-59_var,Ageclass_60-69_var,Ageclass_70-79_var,Ageclass_80-89_var,Ageclass_90-99_var,Ageclass_0-9_mean,Ageclass_10-19_mean,Ageclass_20-29_mean,Ageclass_30-39_mean,Ageclass_40-49_mean,Ageclass_50-59_mean,Ageclass_60-69_mean,Ageclass_70-79_mean,Ageclass_80-89_mean,Ageclass_90-99_mean,day
568526.0111111102,7727936.622222179,4660814.400000002,8626364.266666742,34591267.111111075,325436940.9000005,1337288021.7888918,2448828949.877782,1338512281.5111132,77948081.15555565,20730.7,150092.8,193220.2,177851.4,344733.0,1168462.3,2353576.3,3328892.1,2634186.8,497880.6,1
