Ageclass_0-9_var,Ageclass_10-19_var,Ageclass_20-29_var,Ageclass_30-39_var,Ageclass_40-49_var,Ageclass_50-59_var,Ageclass_60-69_var,Ageclass_70-79_var,Ageclass_80-89_var,Ageclass_90-99_var,Ageclass_0-9_mean,Ageclass_10-19_mean,Ageclass_20-29_mean,Ageclass_30-39_mean,Ageclass_40-49_mean,Ageclass_50-59_mean,Ageclass_60-69_mean,Ageclass_70-79_mean,Ageclass_80-89_mean,Ageclass_90-99_mean,day
450807.38888888864,6281728.766666659,5709618.711111115,13588173.344444454,25004346.322222147,232394649.5999993,658415413.7888874,1133132142.6666636,934525393.4333336,40479516.39999995,21209.5,150197.1,193790.6,178207.3,344358.9,1171327.4,2352211.3,3327353.0,2639482.1,495472.8,1
