Ageclass_0-9_var,Ageclass_10-19_var,Ageclass_20-29_var,Ageclass_30-39_var,Ageclass_40-49_var,Ageclass_50-59_var,Ageclass_60-69_var,Ageclass_70-79_var,Ageclass_80-89_var,Ageclass_90-99_var,Ageclass_0-9_mean,Ageclass_10-19_mean,Ageclass_20-29_mean,Ageclass_30-39_mean,Ageclass_40-49_mean,Ageclass_50-59_mean,Ageclass_60-69_mean,Ageclass_70-79_mean,Ageclass_80-89_mean,Ageclass_90-99_mean,day
829973.877777778,6740338.544444446,8664702.944444438,12981517.877777813,67030876.711111106,527381757.51111126,1909771652.0111105,4172757146.2222238,2576053378.055555,95554464.76666686,24502.1,105619.9,136070.5,128097.9,232613.6,765165.8,1522336.7,2143039.0,1698351.5,318771.1,1
