ageclass_0_9_var,ageclass_10_19_var,ageclass_20_29_var,ageclass_30_39_var,ageclass_40_49_var,ageclass_50_59_var,ageclass_60_69_var,ageclass_70_79_var,ageclass_80_89_var,ageclass_90_99_var,ageclass_0_9_mean,ageclass_10_19_mean,ageclass_20_29_mean,ageclass_30_39_mean,ageclass_40_49_mean,ageclass_50_59_mean,ageclass_60_69_mean,ageclass_70_79_mean,ageclass_80_89_mean,ageclass_90_99_mean,day
251517.7888888881,8135714.9888888635,8107627.600000015,6998721.999999993,9348319.377777804,258201491.33333242,753078620.3222177,1797470278.7111228,598827142.8888912,45217003.12222229,20947.3,141808.1,185156.6,170493.0,328139.4,1104324.0,2226854.9,3144010.4,2489063.0,468573.7,0
251517.7888888881,8135714.9888888635,8107627.600000015,6998721.999999993,9348319.377777804,258201491.33333242,753078620.3222177,1797470278.7111228,598827142.8888912,45217003.12222229,20947.3,141808.1,185156.6,170493.0,328139.4,1104324.0,2226854.9,3144010.4,2489063.0,468573.7,1
