Ageclass_0-9_var,Ageclass_10-19_var,Ageclass_20-29_var,Ageclass_30-39_var,Ageclass_40-49_var,Ageclass_50-59_var,Ageclass_60-69_var,Ageclass_70-79_var,Ageclass_80-89_var,Ageclass_90-99_var,Ageclass_0-9_mean,Ageclass_10-19_mean,Ageclass_20-29_mean,Ageclass_30-39_mean,Ageclass_40-49_mean,Ageclass_50-59_mean,Ageclass_60-69_mean,Ageclass_70-79_mean,Ageclass_80-89_mean,Ageclass_90-99_mean,day
1041432.4555555559,5784441.377777786,13004821.788888872,15837136.48888892,30736932.488888994,635579897.3444438,1910619935.566659,3605992535.433325,2286273743.3444448,70908768.45555586,21829.7,103376.4,134380.3,126488.6,232166.6,763147.7,1524647.7,2145395.1,1711470.3,320358.7,1
