Ageclass_0-9_var,Ageclass_10-19_var,Ageclass_20-29_var,Ageclass_30-39_var,Ageclass_40-49_var,Ageclass_50-59_var,Ageclass_60-69_var,Ageclass_70-79_var,Ageclass_80-89_var,Ageclass_90-99_var,Ageclass_0-9_mean,Ageclass_10-19_mean,Ageclass_20-29_mean,Ageclass_30-39_mean,Ageclass_40-49_mean,Ageclass_50-59_mean,Ageclass_60-69_mean,Ageclass_70-79_mean,Ageclass_80-89_mean,Ageclass_90-99_mean,day
1446437.600000001,15654337.78888891,14448171.111111097,12555072.011111112,31532032.233333297,405212606.93333554,1516671370.622222,2458390165.377775,1661521439.9555528,56547606.399999954,24713.4,152973.7,197665.0,180338.7,346610.3,1168625.4,2349707.2,3318249.6,2628854.8,496157.2,1
