Ageclass_0-9_var,Ageclass_10-19_var,Ageclass_20-29_var,Ageclass_30-39_var,Ageclass_40-49_var,Ageclass_50-59_var,Ageclass_60-69_var,Ageclass_70-79_var,Ageclass_80-89_var,Ageclass_90-99_var,Ageclass_0-9_mean,Ageclass_10-19_mean,Ageclass_20-29_mean,Ageclass_30-39_mean,Ageclass_40-49_mean,Ageclass_50-59_mean,Ageclass_60-69_mean,Ageclass_70-79_mean,Ageclass_80-89_mean,Ageclass_90-99_mean,day
1172226.8999999985,17640291.83333334,29651023.37777779,22488947.21111112,87662294.40000005,1179954242.455556,4277131422.711112,8594325134.500013,5087546166.93334,177970278.93333298,26689.3,75230.5,97184.4,92800.1,155175.2,475663.7,922884.4,1280988.5,1025454.6,191723.4,1
