Ageclass_0-9_var,Ageclass_10-19_var,Ageclass_20-29_var,Ageclass_30-39_var,Ageclass_40-49_var,Ageclass_50-59_var,Ageclass_60-69_var,Ageclass_70-79_var,Ageclass_80-89_var,Ageclass_90-99_var,Ageclass_0-9_mean,Ageclass_10-19_mean,Ageclass_20-29_mean,Ageclass_30-39_mean,Ageclass_40-49_mean,Ageclass_50-59_mean,Ageclass_60-69_mean,Ageclass_70-79_mean,Ageclass_80-89_mean,Ageclass_90-99_mean,day
815059.7333333329,11695193.833333325,11205991.599999981,6365725.777777757,33442182.266666703,304830035.5666665,1511713717.6,2669585566.9888864,1161309130.2333298,78419721.34444465,21085.2,130712.5,171340.6,159728.0,302321.6,1020682.7,2049555.6,2899806.1,2295024.3,433532.3,1
