ageclass_0_9_var,ageclass_10_19_var,ageclass_20_29_var,ageclass_30_39_var,ageclass_40_49_var,ageclass_50_59_var,ageclass_60_69_var,ageclass_70_79_var,ageclass_80_89_var,ageclass_90_99_var,ageclass_0_9_mean,ageclass_10_19_mean,ageclass_20_29_mean,ageclass_30_39_mean,ageclass_40_49_mean,ageclass_50_59_mean,ageclass_60_69_mean,ageclass_70_79_mean,ageclass_80_89_mean,ageclass_90_99_mean,day
187372.26666666628,6792496.011111149,5780664.100000004,25618840.711111087,27559554.766666625,297568283.5666669,821917521.6555551,1756546068.9333327,1007660515.5999961,31638867.99999996,24899.6,132088.7,170222.9,159614.4,299209.1,1000170.7,1996119.1,2819844.4,2238202.6,422956.0,0
187372.26666666628,6792496.011111149,5780664.100000004,25618840.711111087,27559554.766666625,297568283.5666669,821917521.6555551,1756546068.9333327,1007660515.5999961,31638867.99999996,24899.6,132088.7,170222.9,159614.4,299209.1,1000170.7,1996119.1,2819844.4,2238202.6,422956.0,1
