ageclass_0_9_var,ageclass_10_19_var,ageclass_20_29_var,ageclass_30_39_var,ageclass_40_49_var,ageclass_50_59_var,ageclass_60_69_var,ageclass_70_79_var,ageclass_80_89_var,ageclass_90_99_var,ageclass_0_9_mean,ageclass_10_19_mean,ageclass_20_29_mean,ageclass_30_39_mean,ageclass_40_49_mean,ageclass_50_59_mean,ageclass_60_69_mean,ageclass_70_79_mean,ageclass_80_89_mean,ageclass_90_99_mean,day
1943111.7888888924,30931179.28888889,53293605.37777781,44282256.45555555,172653496.76666644,2154580547.1555552,8381368285.288886,16474250125.43334,10203110905.066668,353411599.8777778,21983.3,103587.2,133027.6,124818.3,227281.9,743170.6,1481132.2,2079826.1,1656937.8,309894.9,0
1943111.7888888924,30931179.28888889,53293605.37777781,44282256.45555555,172653496.76666644,2154580547.1555552,8381368285.288886,16474250125.43334,10203110905.066668,353411599.8777778,21983.3,103587.2,133027.6,124818.3,227281.9,743170.6,1481132.2,2079826.1,1656937.8,309894.9,1
