ageclass_0_9_var,ageclass_10_19_var,ageclass_20_29_var,ageclass_30_39_var,ageclass_40_49_var,ageclass_50_59_var,ageclass_60_69_var,ageclass_70_79_var,ageclass_80_89_var,ageclass_90_99_var,ageclass_0_9_mean,ageclass_10_19_mean,ageclass_20_29_mean,ageclass_30_39_mean,ageclass_40_49_mean,ageclass_50_59_mean,ageclass_60_69_mean,ageclass_70_79_mean,ageclass_80_89_mean,ageclass_90_99_mean,day
1735401.1666666656,4605811.733333339,12287794.011111114,5517760.177777776,49717205.066666685,461771085.111113,2749262784.9888873,4578034543.566659,2621411209.9555454,99217373.211111,25492.5,123460.8,161096.3,149864.8,274253.8,904303.0,1803192.1,2537087.3,2015318.2,380455.1,0
1735401.1666666656,4605811.733333339,12287794.011111114,5517760.177777776,49717205.066666685,461771085.111113,2749262784.9888873,4578034543.566659,2621411209.9555454,99217373.211111,25492.5,123460.8,161096.3,149864.8,274253.8,904303.0,1803192.1,2537087.3,2015318.2,380455.1,1
