ageclass_0_9_var,ageclass_10_19_var,ageclass_20_29_var,ageclass_30_39_var,ageclass_40_49_var,ageclass_50_59_var,ageclass_60_69_var,ageclass_70_79_var,ageclass_80_89_var,ageclass_90_99_var,ageclass_0_9_mean,ageclass_10_19_mean,ageclass_20_29_mean,ageclass_30_39_mean,ageclass_40_49_mean,ageclass_50_59_mean,ageclass_60_69_mean,ageclass_70_79_mean,ageclass_80_89_mean,ageclass_90_99_mean,day
998437.8333333345,9303150.17777778,10071045.655555515,33400619.28888889,58039755.822222255,689744167.4333338,3224552042.2777767,6732812822.933349,3979778956.899995,157286028.62222207,21541.5,113802.2,149512.9,138069.8,255369.4,843805.1,1683965.5,2372506.6,1886413.3,355252.8,0
998437.8333333345,9303150.17777778,10071045.655555515,33400619.28888889,58039755.822222255,689744167.4333338,3224552042.2777767,6732812822.933349,3979778956.899995,157286028.62222207,21541.5,113802.2,149512.9,138069.8,255369.4,843805.1,1683965.5,2372506.6,1886413.3,355252.8,1
