ageclass_0_9_var,ageclass_10_19_var,ageclass_20_29_var,ageclass_30_39_var,ageclass_40_49_var,ageclass_50_59_var,ageclass_60_69_var,ageclass_70_79_var,ageclass_80_89_var,ageclass_90_99_var,ageclass_0_9_mean,ageclass_10_19_mean,ageclass_20_29_mean,ageclass_30_39_mean,ageclass_40_49_mean,ageclass_50_59_mean,ageclass_60_69_mean,ageclass_70_79_mean,ageclass_80_89_mean,ageclass_90_99_mean,day
862961.599999999,5191412.322222226,12825341.11111112,10367691.7888889,27957494.222222224,266392934.04444456,867100428.222222,1752856424.98889,1205591751.8222246,42812024.01111099,25058.6,119461.9,155572.0,144169.3,264894.0,876386.6,1745343.0,2451474.9,1951480.4,368623.3,0
862961.599999999,5191412.322222226,12825341.11111112,10367691.7888889,27957494.222222224,266392934.04444456,867100428.222222,1752856424.98889,1205591751.8222246,42812024.01111099,25058.6,119461.9,155572.0,144169.3,264894.0,876386.6,1745343.0,2451474.9,1951480.4,368623.3,1
