ageclass_0_9_var,ageclass_10_19_var,ageclass_20_29_var,ageclass_30_39_var,ageclass_40_49_var,ageclass_50_59_var,ageclass_60_69_var,ageclass_70_79_var,ageclass_80_89_var,ageclass_90_99_var,ageclass_0_9_mean,ageclass_10_19_mean,ageclass_20_29_mean,ageclass_30_39_mean,ageclass_40_49_mean,ageclass_50_59_mean,ageclass_60_69_mean,ageclass_70_79_mean,ageclass_80_89_mean,ageclass_90_99_mean,day
982537.6555555556,23528074.322222237,6131340.72222224,5829252.6666666735,18498186.499999925,291059253.73333496,1134035353.3444445,2263018639.5111003,1353024066.4888914,73926682.2333334,21542.9,148423.1,191748.5,178129.0,341721.5,1165227.8,2342115.3,3305943.2,2624418.6,493272.7,0
982537.6555555556,23528074.322222237,6131340.72222224,5829252.6666666735,18498186.499999925,291059253.73333496,1134035353.3444445,2263018639.5111003,1353024066.4888914,73926682.2333334,21542.9,148423.1,191748.5,178129.0,341721.5,1165227.8,2342115.3,3305943.2,2624418.6,493272.7,1
