Ageclass_0-9_var,Ageclass_10-19_var,Ageclass_20-29_var,Ageclass_30-39_var,Ageclass_40-49_var,Ageclass_50-59_var,Ageclass_60-69_var,Ageclass_70-79_var,Ageclass_80-89_var,Ageclass_90-99_var,Ageclass_0-9_mean,Ageclass_10-19_mean,Ageclass_20-29_mean,Ageclass_30-39_mean,Ageclass_40-49_mean,Ageclass_50-59_mean,Ageclass_60-69_mean,Ageclass_70-79_mean,Ageclass_80-89_mean,Ageclass_90-99_mean,day
1074055.655555555,12799738.944444427,10192817.655555539,14442634.322222216,60524989.15555552,534531150.6777776,2081434408.1000032,3808629070.400005,2829742975.155562,85250722.90000007,22783.9,133491.5,173908.1,161471.1,301672.4,1013193.3,2029961.9,2863894.8,2274234.6,428381.7,1
