ageclass_0_9_var,ageclass_10_19_var,ageclass_20_29_var,ageclass_30_39_var,ageclass_40_49_var,ageclass_50_59_var,ageclass_60_69_var,ageclass_70_79_var,ageclass_80_89_var,ageclass_90_99_var,ageclass_0_9_mean,ageclass_10_19_mean,ageclass_20_29_mean,ageclass_30_39_mean,ageclass_40_49_mean,ageclass_50_59_mean,ageclass_60_69_mean,ageclass_70_79_mean,ageclass_80_89_mean,ageclass_90_99_mean,day
1215572.8444444449,14395573.999999994,39895683.65555556,26136840.50000003,112317235.4333333,1130072818.0999994,4878380744.400003,9362252894.455544,6290802769.566674,194055783.8333332,23261.2,101551.0,132118.1,123415.5,224368.9,735365.1,1451676.2,2045418.7,1625812.7,303972.5,0
1215572.8444444449,14395573.999999994,39895683.65555556,26136840.50000003,112317235.4333333,1130072818.0999994,4878380744.400003,9362252894.455544,6290802769.566674,194055783.8333332,23261.2,101551.0,132118.1,123415.5,224368.9,735365.1,1451676.2,2045418.7,1625812.7,303972.5,1
