ageclass_0_9_var,ageclass_10_19_var,ageclass_20_29_var,ageclass_30_39_var,ageclass_40_49_var,ageclass_50_59_var,ageclass_60_69_var,ageclass_70_79_var,ageclass_80_89_var,ageclass_90_99_var,ageclass_0_9_mean,ageclass_10_19_mean,ageclass_20_29_mean,ageclass_30_39_mean,ageclass_40_49_mean,ageclass_50_59_mean,ageclass_60_69_mean,ageclass_70_79_mean,ageclass_80_89_mean,ageclass_90_99_mean,day
569443.3444444439,6910046.888888901,14198238.622222207,18213891.333333325,61516462.71111122,462756233.82222164,2166807233.5111084,4034285631.611112,2849789520.766665,97941704.26666674,23026.7,134421.0,174219.2,160591.0,303909.4,1017749.4,2038240.8,2872743.5,2280300.9,430306.4,0
569443.3444444439,6910046.888888901,14198238.622222207,18213891.333333325,61516462.71111122,462756233.82222164,2166807233.5111084,4034285631.611112,2849789520.766665,97941704.26666674,23026.7,134421.0,174219.2,160591.0,303909.4,1017749.4,2038240.8,2872743.5,2280300.9,430306.4,1
