ageclass_0_9_var,ageclass_10_19_var,ageclass_20_29_var,ageclass_30_39_var,ageclass_40_49_var,ageclass_50_59_var,ageclass_60_69_var,ageclass_70_79_var,ageclass_80_89_var,ageclass_90_99_var,ageclass_0_9_mean,ageclass_10_19_mean,ageclass_20_29_mean,ageclass_30_39_mean,ageclass_40_49_mean,ageclass_50_59_mean,ageclass_60_69_mean,ageclass_70_79_mean,ageclass_80_89_mean,ageclass_90_99_mean,day
943426.6222222218,8036537.733333332,21281769.60000001,24805552.399999976,25269780.622222215,454288921.1222217,2054063486.4555533,4264912702.6666684,2738850107.8222218,124830254.49999994,20699.8,127797.2,163848.6,154154.2,288230.8,969137.3,1945241.3,2739407.0,2181005.6,410902.5,0
943426.6222222218,8036537.733333332,21281769.60000001,24805552.399999976,25269780.622222215,454288921.1222217,2054063486.4555533,4264912702.6666684,2738850107.8222218,124830254.49999994,20699.8,127797.2,163848.6,154154.2,288230.8,969137.3,1945241.3,2739407.0,2181005.6,410902.5,1
