ageclass_0_9_var,ageclass_10_19_var,ageclass_20_29_var,ageclass_30_39_var,ageclass_40_49_var,ageclass_50_59_var,ageclass_60_69_var,ageclass_70_79_var,ageclass_80_89_var,ageclass_90_99_var,ageclass_0_9_mean,ageclass_10_19_mean,ageclass_20_29_mean,ageclass_30_39_mean,ageclass_40_49_mean,ageclass_50_59_mean,ageclass_60_69_mean,ageclass_70_79_mean,ageclass_80_89_mean,ageclass_90_99_mean,day
752015.3777777766,12891013.34444445,16872618.266666677,13186067.122222226,64014997.733333364,906660388.8444457,3254533353.0666676,6534708054.000013,4172843468.0444436,149738117.37777773,25514.4,107238.3,138660.6,129758.3,235278.8,760820.2,1511485.8,2121910.0,1689433.4,317391.6,0
752015.3777777766,12891013.34444445,16872618.266666677,13186067.122222226,64014997.733333364,906660388.8444457,3254533353.0666676,6534708054.000013,4172843468.0444436,149738117.37777773,25514.4,107238.3,138660.6,129758.3,235278.8,760820.2,1511485.8,2121910.0,1689433.4,317391.6,1
