ageclass_0_9_var,ageclass_10_19_var,ageclass_20_29_var,ageclass_30_39_var,ageclass_40_49_var,ageclass_50_59_var,ageclass_60_69_var,ageclass_70_79_var,ageclass_80_89_var,ageclass_90_99_var,ageclass_0_9_mean,ageclass_10_19_mean,ageclass_20_29_mean,ageclass_30_39_mean,ageclass_40_49_mean,ageclass_50_59_mean,ageclass_60_69_mean,ageclass_70_79_mean,ageclass_80_89_mean,ageclass_90_99_mean,day
595642.8999999993,14569774.23333335,4798058.5,11751663.155555557,36455432.900000006,99715744.90000038,407467474.2333329,997050386.1777831,572347308.1777805,45474718.7111111,22120.7,148561.3,193857.5,176140.6,341509.7,1159840.3,2325000.7,3290838.2,2607446.2,493053.6,0
595642.8999999993,14569774.23333335,4798058.5,11751663.155555557,36455432.900000006,99715744.90000038,407467474.2333329,997050386.1777831,572347308.1777805,45474718.7111111,22120.7,148561.3,193857.5,176140.6,341509.7,1159840.3,2325000.7,3290838.2,2607446.2,493053.6,1
