ageclass_0_9_var,ageclass_10_19_var,ageclass_20_29_var,ageclass_30_39_var,ageclass_40_49_var,ageclass_50_59_var,ageclass_60_69_var,ageclass_70_79_var,ageclass_80_89_var,ageclass_90_99_var,ageclass_0_9_mean,ageclass_10_19_mean,ageclass_20_29_mean,ageclass_30_39_mean,ageclass_40_49_mean,ageclass_50_59_mean,ageclass_60_69_mean,ageclass_70_79_mean,ageclass_80_89_mean,ageclass_90_99_mean,day
998680.9888888901,10103035.55555555,18005423.511111103,3969399.1555555677,30179050.84444453,289482264.1,925952378.233335,1846765109.1555636,849226692.2222207,45508513.377777785,22948.1,130098.0,169517.2,155823.4,294402.2,985460.9,1976571.7,2789087.4,2212668.0,414758.6,0
998680.9888888901,10103035.55555555,18005423.511111103,3969399.1555555677,30179050.84444453,289482264.1,925952378.233335,1846765109.1555636,849226692.2222207,45508513.377777785,22948.1,130098.0,169517.2,155823.4,294402.2,985460.9,1976571.7,2789087.4,2212668.0,414758.6,1
