ageclass_0_9_var,ageclass_10_19_var,ageclass_20_29_var,ageclass_30_39_var,ageclass_40_49_var,ageclass_50_59_var,ageclass_60_69_var,ageclass_70_79_var,ageclass_80_89_var,ageclass_90_99_var,ageclass_0_9_mean,ageclass_10_19_mean,ageclass_20_29_mean,ageclass_30_39_mean,ageclass_40_49_mean,ageclass_50_59_mean,ageclass_60_69_mean,ageclass_70_79_mean,ageclass_80_89_mean,ageclass_90_99_mean,day
776918.8999999971,7765030.177777808,7923124.455555547,9015984.277777784,19123918.011111137,111858314.76666623,631521811.3444412,1421757163.3888905,642904761.9555454,42862001.777777724,23521.3,155308.2,202010.7,184889.5,356041.7,1208997.9,2426496.3,3426454.5,2717991.8,510619.0,0
776918.8999999971,7765030.177777808,7923124.455555547,9015984.277777784,19123918.011111137,111858314.76666623,631521811.3444412,1421757163.3888905,642904761.9555454,42862001.777777724,23521.3,155308.2,202010.7,184889.5,356041.7,1208997.9,2426496.3,3426454.5,2717991.8,510619.0,1
