Ageclass_0-9_var,Ageclass_10-19_var,Ageclass_20-29_var,Ageclass_30-39_var,Ageclass_40-49_var,Ageclass_50-59_var,Ageclass_60-69_var,Ageclass_70-79_var,Ageclass_80-89_var,Ageclass_90-99_var,Ageclass_0-9_mean,Ageclass_10-19_mean,Ageclass_20-29_mean,Ageclass_30-39_mean,Ageclass_40-49_mean,Ageclass_50-59_mean,Ageclass_60-69_mean,Ageclass_70-79_mean,Ageclass_80-89_mean,Ageclass_90-99_mean,day
1577384.4888888886,11307095.777777756,22590256.455555484,5944177.877777777,22666309.566666707,266244333.5111112,1163517564.6777759,1990595282.0111117,995256737.8222204,59389440.67777777,22817.4,133063.0,173591.7,161260.9,304480.7,1019657.2,2045243.7,2887548.3,2293054.6,432270.3,1
