ageclass_0_9_var,ageclass_10_19_var,ageclass_20_29_var,ageclass_30_39_var,ageclass_40_49_var,ageclass_50_59_var,ageclass_60_69_var,ageclass_70_79_var,ageclass_80_89_var,ageclass_90_99_var,ageclass_0_9_mean,ageclass_10_19_mean,ageclass_20_29_mean,ageclass_30_39_mean,ageclass_40_49_mean,ageclass_50_59_mean,ageclass_60_69_mean,ageclass_70_79_mean,ageclass_80_89_mean,ageclass_90_99_mean,day
1036050.4555555558,13947474.76666666,27342723.38888888,22461175.655555546,74538029.87777776,1217087900.2777786,4303118265.733331,9229863493.166677,5444843450.544445,204855353.15555558,22831.3,86157.9,110968.5,105830.9,184775.9,595343.5,1176059.8,1651197.5,1314958.1,245578.6,0
1036050.4555555558,13947474.76666666,27342723.38888888,22461175.655555546,74538029.87777776,1217087900.2777786,4303118265.733331,9229863493.166677,5444843450.544445,204855353.15555558,22831.3,86157.9,110968.5,105830.9,184775.9,595343.5,1176059.8,1651197.5,1314958.1,245578.6,1
