Ageclass_0-9_var,Ageclass_10-19_var,Ageclass_20-29_var,Ageclass_30-39_var,Ageclass_40-49_var,Ageclass_50-59_var,Ageclass_60-69_var,Ageclass_70-79_var,Ageclass_80-89_var,Ageclass_90-99_var,Ageclass_0-9_mean,Ageclass_10-19_mean,Ageclass_20-29_mean,Ageclass_30-39_mean,Ageclass_40-49_mean,Ageclass_50-59_mean,Ageclass_60-69_mean,Ageclass_70-79_mean,Ageclass_80-89_mean,Ageclass_90-99_mean,day
1043177.0666666662,2471488.0444444413,11430854.266666673,10551738.666666666,50936546.72222218,360930230.45555615,1615357223.166665,2449628515.877777,1594404341.3444479,64575636.04444447,22284.2,87292.4,112717.4,106710.0,191835.5,620357.3,1226470.5,1730578.1,1368355.7,256775.6,1
