ageclass_0_9_var,ageclass_10_19_var,ageclass_20_29_var,ageclass_30_39_var,ageclass_40_49_var,ageclass_50_59_var,ageclass_60_69_var,ageclass_70_79_var,ageclass_80_89_var,ageclass_90_99_var,ageclass_0_9_mean,ageclass_10_19_mean,ageclass_20_29_mean,ageclass_30_39_mean,ageclass_40_49_mean,ageclass_50_59_mean,ageclass_60_69_mean,ageclass_70_79_mean,ageclass_80_89_mean,ageclass_90_99_mean,day
1388760.6777777795,14375727.433333335,19437446.45555555,16791398.988888893,71322957.55555555,1006292809.6555555,4442295769.211112,8883752701.11111,5776731279.388889,213906833.78888893,26082.7,33308.1,41827.3,40767.9,49749.0,100941.1,163664.9,192930.0,161730.5,30200.3,0
1388760.6777777795,14375727.433333335,19437446.45555555,16791398.988888893,71322957.55555555,1006292809.6555555,4442295769.211112,8883752701.11111,5776731279.388889,213906833.78888893,26082.7,33308.1,41827.3,40767.9,49749.0,100941.1,163664.9,192930.0,161730.5,30200.3,1
