ageclass_0_9_var,ageclass_10_19_var,ageclass_20_29_var,ageclass_30_39_var,ageclass_40_49_var,ageclass_50_59_var,ageclass_60_69_var,ageclass_70_79_var,ageclass_80_89_var,ageclass_90_99_var,ageclass_0_9_mean,ageclass_10_19_mean,ageclass_20_29_mean,ageclass_30_39_mean,ageclass_40_49_mean,ageclass_50_59_mean,ageclass_60_69_mean,ageclass_70_79_mean,ageclass_80_89_mean,ageclass_90_99_mean,day
571931.8333333329,6970515.111111118,11992349.122222228,4928745.733333347,19635971.433333352,142883785.87777767,554208754.0444443,1074025347.8222237,598845690.4999999,36843237.788888894,24002.5,118110.0,153857.3,141619.2,263060.1,868694.9,1736926.6,2455352.6,1943801.5,365977.7,0
571931.8333333329,6970515.111111118,11992349.122222228,4928745.733333347,19635971.433333352,142883785.87777767,554208754.0444443,1074025347.8222237,598845690.4999999,36843237.788888894,24002.5,118110.0,153857.3,141619.2,263060.1,868694.9,1736926.6,2455352.6,1943801.5,365977.7,1
