ageclass_0_9_var,ageclass_10_19_var,ageclass_20_29_var,ageclass_30_39_var,ageclass_40_49_var,ageclass_50_59_var,ageclass_60_69_var,ageclass_70_79_var,ageclass_80_89_var,ageclass_90_99_var,ageclass_0_9_mean,ageclass_10_19_mean,ageclass_20_29_mean,ageclass_30_39_mean,ageclass_40_49_mean,ageclass_50_59_mean,ageclass_60_69_mean,ageclass_70_79_mean,ageclass_80_89_mean,ageclass_90_99_mean,day
475756.9333333339,19687942.90000002,15850343.288888868,4901709.377777787,58665864.888888925,467337297.3777778,2143656545.4333317,3999187705.788886,2125735854.4555502,96745936.93333316,21160.4,146418.7,188633.2,174123.6,334402.0,1132633.6,2278342.9,3213231.7,2548367.7,481634.4,0
475756.9333333339,19687942.90000002,15850343.288888868,4901709.377777787,58665864.888888925,467337297.3777778,2143656545.4333317,3999187705.788886,2125735854.4555502,96745936.93333316,21160.4,146418.7,188633.2,174123.6,334402.0,1132633.6,2278342.9,3213231.7,2548367.7,481634.4,1
