ageclass_0_9_var,ageclass_10_19_var,ageclass_20_29_var,ageclass_30_39_var,ageclass_40_49_var,ageclass_50_59_var,ageclass_60_69_var,ageclass_70_79_var,ageclass_80_89_var,ageclass_90_99_var,ageclass_0_9_mean,ageclass_10_19_mean,ageclass_20_29_mean,ageclass_30_39_mean,ageclass_40_49_mean,ageclass_50_59_mean,ageclass_60_69_mean,ageclass_70_79_mean,ageclass_80_89_mean,ageclass_90_99_mean,day
366022.26666666684,4624344.72222222,6334528.933333333,4597563.6555555565,12633722.544444477,157484232.4888892,723039061.5666643,1343884234.6666653,866030478.6222212,51553328.72222224,22008.6,126365.5,163164.4,153253.9,284191.9,953244.4,1919408.3,2703777.0,2140145.2,402327.5,0
366022.26666666684,4624344.72222222,6334528.933333333,4597563.6555555565,12633722.544444477,157484232.4888892,723039061.5666643,1343884234.6666653,866030478.6222212,51553328.72222224,22008.6,126365.5,163164.4,153253.9,284191.9,953244.4,1919408.3,2703777.0,2140145.2,402327.5,1
