ageclass_0_9_var,ageclass_10_19_var,ageclass_20_29_var,ageclass_30_39_var,ageclass_40_49_var,ageclass_50_59_var,ageclass_60_69_var,ageclass_70_79_var,ageclass_80_89_var,ageclass_90_99_var,ageclass_0_9_mean,ageclass_10_19_mean,ageclass_20_29_mean,ageclass_30_39_mean,ageclass_40_49_mean,ageclass_50_59_mean,ageclass_60_69_mean,ageclass_70_79_mean,ageclass_80_89_mean,ageclass_90_99_mean,day
678210.6777777777,9812914.933333324,6757238.622222226,6007406.100000022,18425924.011111166,138801696.62222213,452343796.26666546,799163060.6222242,331236057.83333325,30178309.611111138,22077.3,155335.6,200275.8,182912.9,357157.7,1207133.2,2432852.4,3436853.2,2726463.5,515865.5,0
678210.6777777777,9812914.933333324,6757238.622222226,6007406.100000022,18425924.011111166,138801696.62222213,452343796.26666546,799163060.6222242,331236057.83333325,30178309.611111138,22077.3,155335.6,200275.8,182912.9,357157.7,1207133.2,2432852.4,3436853.2,2726463.5,515865.5,1
