Ageclass_0-9_var,Ageclass_10-19_var,Ageclass_20-29_var,Ageclass_30-39_var,Ageclass_40-49_var,Ageclass_50-59_var,Ageclass_60-69_var,Ageclass_70-79_var,Ageclass_80-89_var,Ageclass_90-99_var,Ageclass_0-9_mean,Ageclass_10-19_mean,Ageclass_20-29_mean,Ageclass_30-39_mean,Ageclass_40-49_mean,Ageclass_50-59_mean,Ageclass_60-69_mean,Ageclass_70-79_mean,Ageclass_80-89_mean,Ageclass_90-99_mean,day
1287053.5111111114,10453988.322222231,18873294.722222194,9186540.044444421,65975426.844444446,756979022.3999991,3165043998.499997,6022168202.455555,4130910282.455557,148476756.2777778,27261.8,66337.1,84153.5,81196.6,130522.8,394756.2,759321.5,1048188.7,839653.3,155833.5,1
