Ageclass_0-9_var,Ageclass_10-19_var,Ageclass_20-29_var,Ageclass_30-39_var,Ageclass_40-49_var,Ageclass_50-59_var,Ageclass_60-69_var,Ageclass_70-79_var,Ageclass_80-89_var,Ageclass_90-99_var,Ageclass_0-9_mean,Ageclass_10-19_mean,Ageclass_20-29_mean,Ageclass_30-39_mean,Ageclass_40-49_mean,Ageclass_50-59_mean,Ageclass_60-69_mean,Ageclass_70-79_mean,Ageclass_80-89_mean,Ageclass_90-99_mean,day
862961.599999999,5191412.322222226,12825341.11111112,10367691.7888889,27957494.222222224,266392934.04444456,867100428.222222,1752856424.98889,1205591751.8222246,42812024.01111099,25058.6,119461.9,155572.0,144169.3,264894.0,876386.6,1745343.0,2451474.9,1951480.4,368623.3,1
