Ageclass_0-9_var,Ageclass_10-19_var,Ageclass_20-29_var,Ageclass_30-39_var,Ageclass_40-49_var,Ageclass_50-59_var,Ageclass_60-69_var,Ageclass_70-79_var,Ageclass_80-89_var,Ageclass_90-99_var,Ageclass_0-9_mean,Ageclass_10-19_mean,Ageclass_20-29_mean,Ageclass_30-39_mean,Ageclass_40-49_mean,Ageclass_50-59_mean,Ageclass_60-69_mean,Ageclass_70-79_mean,Ageclass_80-89_mean,Ageclass_90-99_mean,day
344988.93333333335,4418313.344444453,4304007.655555545,2762809.2111111083,33487458.544444397,52721037.4333335,249050111.82222626,734718162.9333354,393633231.6000049,13206800.622222185,21211.6,146210.3,190380.1,175435.1,336087.9,1138297.1,2295722.4,3233580.4,2559179.6,484376.2,1
