Ageclass_0-9_var,Ageclass_10-19_var,Ageclass_20-29_var,Ageclass_30-39_var,Ageclass_40-49_var,Ageclass_50-59_var,Ageclass_60-69_var,Ageclass_70-79_var,Ageclass_80-89_var,Ageclass_90-99_var,Ageclass_0-9_mean,Ageclass_10-19_mean,Ageclass_20-29_mean,Ageclass_30-39_mean,Ageclass_40-49_mean,Ageclass_50-59_mean,Ageclass_60-69_mean,Ageclass_70-79_mean,Ageclass_80-89_mean,Ageclass_90-99_mean,day
776918.8999999971,7765030.177777808,7923124.455555547,9015984.277777784,19123918.011111137,111858314.76666623,631521811.3444412,1421757163.3888905,642904761.9555454,42862001.777777724,23521.3,155308.2,202010.7,184889.5,356041.7,1208997.9,2426496.3,3426454.5,2717991.8,510619.0,1
