Ageclass_0-9_var,Ageclass_10-19_var,Ageclass_20-29_var,Ageclass_30-39_var,Ageclass_40-49_var,Ageclass_50-59_var,Ageclass_60-69_var,Ageclass_70-79_var,Ageclass_80-89_var,Ageclass_90-99_var,Ageclass_0-9_mean,Ageclass_10-19_mean,Ageclass_20-29_mean,Ageclass_30-39_mean,Ageclass_40-49_mean,Ageclass_50-59_mean,Ageclass_60-69_mean,Ageclass_70-79_mean,Ageclass_80-89_mean,Ageclass_90-99_mean,day
373696.6777777773,11177352.04444445,12847175.877777748,6483615.788888875,22049406.011111073,142696889.37777722,641160573.7888904,1857600416.3222208,1107946424.0111125,58378049.60000006,22521.7,149294.4,194749.9,179422.3,345997.7,1169952.4,2352369.7,3327140.9,2632784.7,497807.4,1
