ageclass_0_9_var,ageclass_10_19_var,ageclass_20_29_var,ageclass_30_39_var,ageclass_40_49_var,ageclass_50_59_var,ageclass_60_69_var,ageclass_70_79_var,ageclass_80_89_var,ageclass_90_99_var,ageclass_0_9_mean,ageclass_10_19_mean,ageclass_20_29_mean,ageclass_30_39_mean,ageclass_40_49_mean,ageclass_50_59_mean,ageclass_60_69_mean,ageclass_70_79_mean,ageclass_80_89_mean,ageclass_90_99_mean,day
866875.0666666668,11128540.266666673,7528564.933333348,5631321.344444435,28424313.566666648,197934753.11111048,697972888.9888892,1683915850.1000001,1235278335.1555552,38574436.05555557,23305.2,140644.6,182637.6,168539.7,320796.7,1082389.0,2170371.9,3069481.9,2435359.4,459037.5,0
866875.0666666668,11128540.266666673,7528564.933333348,5631321.344444435,28424313.566666648,197934753.11111048,697972888.9888892,1683915850.1000001,1235278335.1555552,38574436.05555557,23305.2,140644.6,182637.6,168539.7,320796.7,1082389.0,2170371.9,3069481.9,2435359.4,459037.5,1
