ageclass_0_9_var,ageclass_10_19_var,ageclass_20_29_var,ageclass_30_39_var,ageclass_40_49_var,ageclass_50_59_var,ageclass_60_69_var,ageclass_70_79_var,ageclass_80_89_var,ageclass_90_99_var,ageclass_0_9_mean,ageclass_10_19_mean,ageclass_20_29_mean,ageclass_30_39_mean,ageclass_40_49_mean,ageclass_50_59_mean,ageclass_60_69_mean,ageclass_70_79_mean,ageclass_80_89_mean,ageclass_90_99_mean,day
1842618.6777777784,10962511.211111106,14323762.988888904,4207019.377777779,37746552.011111096,342465659.61111134,1381306926.2666676,2689878915.5666585,1584339219.5999985,77875427.87777776,22235.3,124343.9,160173.9,150331.6,280135.3,935404.5,1880806.4,2657968.3,2105327.6,396559.9,0
1842618.6777777784,10962511.211111106,14323762.988888904,4207019.377777779,37746552.011111096,342465659.61111134,1381306926.2666676,2689878915.5666585,1584339219.5999985,77875427.87777776,22235.3,124343.9,160173.9,150331.6,280135.3,935404.5,1880806.4,2657968.3,2105327.6,396559.9,1
