ageclass_0_9_var,ageclass_10_19_var,ageclass_20_29_var,ageclass_30_39_var,ageclass_40_49_var,ageclass_50_59_var,ageclass_60_69_var,ageclass_70_79_var,ageclass_80_89_var,ageclass_90_99_var,ageclass_0_9_mean,ageclass_10_19_mean,ageclass_20_29_mean,ageclass_30_39_mean,ageclass_40_49_mean,ageclass_50_59_mean,ageclass_60_69_mean,ageclass_70_79_mean,ageclass_80_89_mean,ageclass_90_99_mean,day
822953.1222222216,7622805.288888895,17012798.488888953,8007575.34444446,13453921.288888885,100027375.15555626,489075781.3444446,1158817506.3222227,762001945.7777779,18079818.322222188,22246.3,150085.8,193693.4,177873.3,343670.8,1159036.4,2333543.7,3305579.1,2615039.0,491738.1,0
822953.1222222216,7622805.288888895,17012798.488888953,8007575.34444446,13453921.288888885,100027375.15555626,489075781.3444446,1158817506.3222227,762001945.7777779,18079818.322222188,22246.3,150085.8,193693.4,177873.3,343670.8,1159036.4,2333543.7,3305579.1,2615039.0,491738.1,1
