ageclass_0_9_var,ageclass_10_19_var,ageclass_20_29_var,ageclass_30_39_var,ageclass_40_49_var,ageclass_50_59_var,ageclass_60_69_var,ageclass_70_79_var,ageclass_80_89_var,ageclass_90_99_var,ageclass_0_9_mean,ageclass_10_19_mean,ageclass_20_29_mean,ageclass_30_39_mean,ageclass_40_49_mean,ageclass_50_59_mean,ageclass_60_69_mean,ageclass_70_79_mean,ageclass_80_89_mean,ageclass_90_99_mean,day
299090.1000000004,5702463.566666666,13859335.433333348,9532177.377777774,40431433.21111112,673275801.7888893,2200385044.9888883,4181965951.777781,2973540382.666666,113281186.45555557,23765.9,89342.7,115246.1,109420.6,191505.9,621505.7,1223124.9,1713048.0,1370076.0,255709.7,0
299090.1000000004,5702463.566666666,13859335.433333348,9532177.377777774,40431433.21111112,673275801.7888893,2200385044.9888883,4181965951.777781,2973540382.666666,113281186.45555557,23765.9,89342.7,115246.1,109420.6,191505.9,621505.7,1223124.9,1713048.0,1370076.0,255709.7,1
