Ageclass_0-9_var,Ageclass_10-19_var,Ageclass_20-29_var,Ageclass_30-39_var,Ageclass_40-49_var,Ageclass_50-59_var,Ageclass_60-69_var,Ageclass_70-79_var,Ageclass_80-89_var,Ageclass_90-99_var,Ageclass_0-9_mean,Ageclass_10-19_mean,Ageclass_20-29_mean,Ageclass_30-39_mean,Ageclass_40-49_mean,Ageclass_50-59_mean,Ageclass_60-69_mean,Ageclass_70-79_mean,Ageclass_80-89_mean,Ageclass_90-99_mean,day
347211.82222222094,4168424.899999996,9498788.444444455,6964682.266666669,19975505.066666503,77202203.78888868,163710245.7333337,421990502.4555551,213006190.94444525,26661119.566666607,20900.6,145964.7,189054.0,175650.6,334793.8,1141702.3,2296212.8,3251889.7,2579376.5,486205.3,1
