ageclass_0_9_var,ageclass_10_19_var,ageclass_20_29_var,ageclass_30_39_var,ageclass_40_49_var,ageclass_50_59_var,ageclass_60_69_var,ageclass_70_79_var,ageclass_80_89_var,ageclass_90_99_var,ageclass_0_9_mean,ageclass_10_19_mean,ageclass_20_29_mean,ageclass_30_39_mean,ageclass_40_49_mean,ageclass_50_59_mean,ageclass_60_69_mean,ageclass_70_79_mean,ageclass_80_89_mean,ageclass_90_99_mean,day
981105.5999999973,6960712.844444457,12102106.88888889,12126888.444444451,21145759.733333334,246115606.90000015,1361750912.2222223,2061457950.766672,1234188825.06666,49755370.71111128,23318.4,132658.8,171782.0,159287.0,301357.8,1009011.3,2021233.0,2855502.9,2264877.2,428801.4,0
981105.5999999973,6960712.844444457,12102106.88888889,12126888.444444451,21145759.733333334,246115606.90000015,1361750912.2222223,2061457950.766672,1234188825.06666,49755370.71111128,23318.4,132658.8,171782.0,159287.0,301357.8,1009011.3,2021233.0,2855502.9,2264877.2,428801.4,1
