ageclass_0_9_var,ageclass_10_19_var,ageclass_20_29_var,ageclass_30_39_var,ageclass_40_49_var,ageclass_50_59_var,ageclass_60_69_var,ageclass_70_79_var,ageclass_80_89_var,ageclass_90_99_var,ageclass_0_9_mean,ageclass_10_19_mean,ageclass_20_29_mean,ageclass_30_39_mean,ageclass_40_49_mean,ageclass_50_59_mean,ageclass_60_69_mean,ageclass_70_79_mean,ageclass_80_89_mean,ageclass_90_99_mean,day
458599.1555555554,687152.1000000001,854271.955555555,2891521.8333333377,5224528.766666666,52869441.95555556,223080349.15555558,439979550.71111107,271674772.2777778,8035715.822222223,26176.6,26947.9,34268.8,33292.5,35067.9,46856.2,51220.4,31857.6,34916.5,6517.4,0
458599.1555555554,687152.1000000001,854271.955555555,2891521.8333333377,5224528.766666666,52869441.95555556,223080349.15555558,439979550.71111107,271674772.2777778,8035715.822222223,26176.6,26947.9,34268.8,33292.5,35067.9,46856.2,51220.4,31857.6,34916.5,6517.4,1
