ageclass_0_9_var,ageclass_10_19_var,ageclass_20_29_var,ageclass_30_39_var,ageclass_40_49_var,ageclass_50_59_var,ageclass_60_69_var,ageclass_70_79_var,ageclass_80_89_var,ageclass_90_99_var,ageclass_0_9_mean,ageclass_10_19_mean,ageclass_20_29_mean,ageclass_30_39_mean,ageclass_40_49_mean,ageclass_50_59_mean,ageclass_60_69_mean,ageclass_70_79_mean,ageclass_80_89_mean,ageclass_90_99_mean,day
1274702.9000000004,9637064.044444442,24848268.0,17004456.322222237,69964932.4888889,887717129.733333,3573834260.544445,7592192820.322222,4864179508.988889,152734669.15555558,28392.3,40399.6,50646.0,49590.1,62160.4,141218.2,240578.9,304480.9,253834.1,46280.6,0
1274702.9000000004,9637064.044444442,24848268.0,17004456.322222237,69964932.4888889,887717129.733333,3573834260.544445,7592192820.322222,4864179508.988889,152734669.15555558,28392.3,40399.6,50646.0,49590.1,62160.4,141218.2,240578.9,304480.9,253834.1,46280.6,1
