ageclass_0_9_var,ageclass_10_19_var,ageclass_20_29_var,ageclass_30_39_var,ageclass_40_49_var,ageclass_50_59_var,ageclass_60_69_var,ageclass_70_79_var,ageclass_80_89_var,ageclass_90_99_var,ageclass_0_9_mean,ageclass_10_19_mean,ageclass_20_29_mean,ageclass_30_39_mean,ageclass_40_49_mean,ageclass_50_59_mean,ageclass_60_69_mean,ageclass_70_79_mean,ageclass_80_89_mean,ageclass_90_99_mean,day
703109.6000000004,5882347.066666669,11391139.78888888,10307395.511111163,23148072.89999999,184940636.48888886,879970276.2333333,1792902983.1555545,1263698830.3222184,46429264.677777775,22141.6,116902.8,152222.7,143947.8,266280.3,889216.6,1779174.7,2510765.4,1992057.9,375577.3,0
703109.6000000004,5882347.066666669,11391139.78888888,10307395.511111163,23148072.89999999,184940636.48888886,879970276.2333333,1792902983.1555545,1263698830.3222184,46429264.677777775,22141.6,116902.8,152222.7,143947.8,266280.3,889216.6,1779174.7,2510765.4,1992057.9,375577.3,1
