Ageclass_0-9_var,Ageclass_10-19_var,Ageclass_20-29_var,Ageclass_30-39_var,Ageclass_40-49_var,Ageclass_50-59_var,Ageclass_60-69_var,Ageclass_70-79_var,Ageclass_80-89_var,Ageclass_90-99_var,Ageclass_0-9_mean,Ageclass_10-19_mean,Ageclass_20-29_mean,Ageclass_30-39_mean,Ageclass_40-49_mean,Ageclass_50-59_mean,Ageclass_60-69_mean,Ageclass_70-79_mean,Ageclass_80-89_mean,Ageclass_90-99_mean,day
768277.4333333333,1207827.6555555558,1779386.2666666668,1419613.066666663,8868332.277777778,58739904.45555557,213135116.54444444,447060826.76666665,289024433.2111111,9116677.955555554,26030.1,26885.1,34850.4,33469.2,35144.5,47557.7,51571.9,33107.9,35924.9,6753.2,1
