ageclass_0_9_var,ageclass_10_19_var,ageclass_20_29_var,ageclass_30_39_var,ageclass_40_49_var,ageclass_50_59_var,ageclass_60_69_var,ageclass_70_79_var,ageclass_80_89_var,ageclass_90_99_var,ageclass_0_9_mean,ageclass_10_19_mean,ageclass_20_29_mean,ageclass_30_39_mean,ageclass_40_49_mean,ageclass_50_59_mean,ageclass_60_69_mean,ageclass_70_79_mean,ageclass_80_89_mean,ageclass_90_99_mean,day
827207.0666666669,5121812.677777769,16252220.45555564,8211041.83333332,11329892.39999997,451779535.21111023,1136679488.8888872,1945392867.3777792,1215539055.155554,55918304.455555424,22636.2,139177.7,180274.3,166379.5,316296.2,1069379.1,2140900.0,3022923.4,2401734.6,453134.7,0
827207.0666666669,5121812.677777769,16252220.45555564,8211041.83333332,11329892.39999997,451779535.21111023,1136679488.8888872,1945392867.3777792,1215539055.155554,55918304.455555424,22636.2,139177.7,180274.3,166379.5,316296.2,1069379.1,2140900.0,3022923.4,2401734.6,453134.7,1
