Ageclass_0-9_var,Ageclass_10-19_var,Ageclass_20-29_var,Ageclass_30-39_var,Ageclass_40-49_var,Ageclass_50-59_var,Ageclass_60-69_var,Ageclass_70-79_var,Ageclass_80-89_var,Ageclass_90-99_var,Ageclass_0-9_mean,Ageclass_10-19_mean,Ageclass_20-29_mean,Ageclass_30-39_mean,Ageclass_40-49_mean,Ageclass_50-59_mean,Ageclass_60-69_mean,Ageclass_70-79_mean,Ageclass_80-89_mean,Ageclass_90-99_mean,day
1777688.6777777784,5342771.955555548,6568534.899999994,2309314.944444451,21772761.833333362,91037574.90000027,604150325.3444444,1490827389.3444471,688693195.1222239,43877113.16666663,23811.7,140716.8,182726.7,169804.5,322450.5,1076489.7,2159952.7,3054776.3,2420274.7,456231.5,1
