ageclass_0_9_var,ageclass_10_19_var,ageclass_20_29_var,ageclass_30_39_var,ageclass_40_49_var,ageclass_50_59_var,ageclass_60_69_var,ageclass_70_79_var,ageclass_80_89_var,ageclass_90_99_var,ageclass_0_9_mean,ageclass_10_19_mean,ageclass_20_29_mean,ageclass_30_39_mean,ageclass_40_49_mean,ageclass_50_59_mean,ageclass_60_69_mean,ageclass_70_79_mean,ageclass_80_89_mean,ageclass_90_99_mean,day
927015.7333333336,9069437.877777793,7183003.122222219,13026616.322222253,23270497.211111143,345725737.8333335,918323886.7666671,2108464516.9888906,1328430462.4999971,44901145.15555548,21145.8,148867.9,192997.7,177855.1,344240.1,1168394.5,2352245.9,3326677.9,2634546.5,496552.6,0
927015.7333333336,9069437.877777793,7183003.122222219,13026616.322222253,23270497.211111143,345725737.8333335,918323886.7666671,2108464516.9888906,1328430462.4999971,44901145.15555548,21145.8,148867.9,192997.7,177855.1,344240.1,1168394.5,2352245.9,3326677.9,2634546.5,496552.6,1
