ageclass_0_9_var,ageclass_10_19_var,ageclass_20_29_var,ageclass_30_39_var,ageclass_40_49_var,ageclass_50_59_var,ageclass_60_69_var,ageclass_70_79_var,ageclass_80_89_var,ageclass_90_99_var,ageclass_0_9_mean,ageclass_10_19_mean,ageclass_20_29_mean,ageclass_30_39_mean,ageclass_40_49_mean,ageclass_50_59_mean,ageclass_60_69_mean,ageclass_70_79_mean,ageclass_80_89_mean,ageclass_90_99_mean,day
562507.8777777771,8215380.000000021,12716507.066666633,11232284.044444455,55265241.788888946,394701662.54444474,1685963314.322224,3313387460.8444405,2470796802.499999,107422380.49999991,24225.9,142472.0,185008.8,169619.4,324509.7,1084296.9,2176787.1,3072885.2,2439125.5,458513.5,0
562507.8777777771,8215380.000000021,12716507.066666633,11232284.044444455,55265241.788888946,394701662.54444474,1685963314.322224,3313387460.8444405,2470796802.499999,107422380.49999991,24225.9,142472.0,185008.8,169619.4,324509.7,1084296.9,2176787.1,3072885.2,2439125.5,458513.5,1
