ageclass_0_9_var,ageclass_10_19_var,ageclass_20_29_var,ageclass_30_39_var,ageclass_40_49_var,ageclass_50_59_var,ageclass_60_69_var,ageclass_70_79_var,ageclass_80_89_var,ageclass_90_99_var,ageclass_0_9_mean,ageclass_10_19_mean,ageclass_20_29_mean,ageclass_30_39_mean,ageclass_40_49_mean,ageclass_50_59_mean,ageclass_60_69_mean,ageclass_70_79_mean,ageclass_80_89_mean,ageclass_90_99_mean,day
1444055.7333333334,12412522.099999987,32162412.72222219,10217360.399999999,61219320.93333333,554592885.3777777,2869373608.2666645,5372331087.377775,3433938069.155557,117388738.76666652,22848.2,118302.9,154909.5,145786.8,267321.4,883352.6,1772904.4,2494663.4,1977743.6,372499.9,0
1444055.7333333334,12412522.099999987,32162412.72222219,10217360.399999999,61219320.93333333,554592885.3777777,2869373608.2666645,5372331087.377775,3433938069.155557,117388738.76666652,22848.2,118302.9,154909.5,145786.8,267321.4,883352.6,1772904.4,2494663.4,1977743.6,372499.9,1
