ageclass_0_9_var,ageclass_10_19_var,ageclass_20_29_var,ageclass_30_39_var,ageclass_40_49_var,ageclass_50_59_var,ageclass_60_69_var,ageclass_70_79_var,ageclass_80_89_var,ageclass_90_99_var,ageclass_0_9_mean,ageclass_10_19_mean,ageclass_20_29_mean,ageclass_30_39_mean,ageclass_40_49_mean,ageclass_50_59_mean,ageclass_60_69_mean,ageclass_70_79_mean,ageclass_80_89_mean,ageclass_90_99_mean,day
887684.4888888883,14065573.61111113,38099281.211111106,30928039.777777784,119503624.7222222,1230275210.9888887,5491467873.122221,11776239235.511108,6411472992.944444,241677047.21111113,25186.4,67331.5,88447.9,84252.0,138049.5,419789.1,809440.3,1124696.2,905329.5,168242.1,0
887684.4888888883,14065573.61111113,38099281.211111106,30928039.777777784,119503624.7222222,1230275210.9888887,5491467873.122221,11776239235.511108,6411472992.944444,241677047.21111113,25186.4,67331.5,88447.9,84252.0,138049.5,419789.1,809440.3,1124696.2,905329.5,168242.1,1
