ageclass_0_9_var,ageclass_10_19_var,ageclass_20_29_var,ageclass_30_39_var,ageclass_40_49_var,ageclass_50_59_var,ageclass_60_69_var,ageclass_70_79_var,ageclass_80_89_var,ageclass_90_99_var,ageclass_0_9_mean,ageclass_10_19_mean,ageclass_20_29_mean,ageclass_30_39_mean,ageclass_40_49_mean,ageclass_50_59_mean,ageclass_60_69_mean,ageclass_70_79_mean,ageclass_80_89_mean,ageclass_90_99_mean,day
1248786.9444444438,6815421.066666658,12453789.166666659,19424249.65555556,34509346.54444452,223534492.4555555,1311408219.7333343,2604881893.0666704,1302554386.266671,62940003.12222224,20598.5,135474.2,175621.5,162605.9,308933.1,1042620.7,2092904.8,2953642.8,2341591.4,439366.3,0
1248786.9444444438,6815421.066666658,12453789.166666659,19424249.65555556,34509346.54444452,223534492.4555555,1311408219.7333343,2604881893.0666704,1302554386.266671,62940003.12222224,20598.5,135474.2,175621.5,162605.9,308933.1,1042620.7,2092904.8,2953642.8,2341591.4,439366.3,1
