ageclass_0_9_var,ageclass_10_19_var,ageclass_20_29_var,ageclass_30_39_var,ageclass_40_49_var,ageclass_50_59_var,ageclass_60_69_var,ageclass_70_79_var,ageclass_80_89_var,ageclass_90_99_var,ageclass_0_9_mean,ageclass_10_19_mean,ageclass_20_29_mean,ageclass_30_39_mean,ageclass_40_49_mean,ageclass_50_59_mean,ageclass_60_69_mean,ageclass_70_79_mean,ageclass_80_89_mean,ageclass_90_99_mean,day
1383650.3222222226,14406385.155555554,8392413.599999981,11210069.599999972,37800540.17777782,300410041.3888895,942715282.011111,1203786490.222224,1258231533.7888894,55812063.60000005,23173.1,144662.6,187217.4,170829.4,330583.2,1113516.5,2236214.3,3153224.0,2501678.3,471459.6,0
1383650.3222222226,14406385.155555554,8392413.599999981,11210069.599999972,37800540.17777782,300410041.3888895,942715282.011111,1203786490.222224,1258231533.7888894,55812063.60000005,23173.1,144662.6,187217.4,170829.4,330583.2,1113516.5,2236214.3,3153224.0,2501678.3,471459.6,1
