Ageclass_0-9_var,Ageclass_10-19_var,Ageclass_20-29_var,Ageclass_30-39_var,Ageclass_40-49_var,Ageclass_50-59_var,Ageclass_60-69_var,Ageclass_70-79_var,Ageclass_80-89_var,Ageclass_90-99_var,Ageclass_0-9_mean,Ageclass_10-19_mean,Ageclass_20-29_mean,Ageclass_30-39_mean,Ageclass_40-49_mean,Ageclass_50-59_mean,Ageclass_60-69_mean,Ageclass_70-79_mean,Ageclass_80-89_mean,Ageclass_90-99_mean,day
355032.8888888894,15583153.166666653,12888905.166666672,13926535.377777763,55175761.833333336,901142208.9333334,2545127561.5111113,5990789100.000003,2677399181.211108,133590373.15555556,22313.0,130882.5,170013.5,159295.4,295798.5,1001353.6,1999622.8,2821619.0,2236989.9,423404.6,1
