Ageclass_0-9_var,Ageclass_10-19_var,Ageclass_20-29_var,Ageclass_30-39_var,Ageclass_40-49_var,Ageclass_50-59_var,Ageclass_60-69_var,Ageclass_70-79_var,Ageclass_80-89_var,Ageclass_90-99_var,Ageclass_0-9_mean,Ageclass_10-19_mean,Ageclass_20-29_mean,Ageclass_30-39_mean,Ageclass_40-49_mean,Ageclass_50-59_mean,Ageclass_60-69_mean,Ageclass_70-79_mean,Ageclass_80-89_mean,Ageclass_90-99_mean,day
1052071.5111111116,12374320.988888873,16460481.822222194,15842008.766666677,53798384.23333325,664874806.0999998,3330639361.3444448,5638559757.34445,3412839438.8444448,111879792.84444445,23084.8,136194.9,175839.4,163730.9,306611.7,1034264.1,2072198.7,2931585.7,2320531.8,438859.2,1
