ageclass_0_9_var,ageclass_10_19_var,ageclass_20_29_var,ageclass_30_39_var,ageclass_40_49_var,ageclass_50_59_var,ageclass_60_69_var,ageclass_70_79_var,ageclass_80_89_var,ageclass_90_99_var,ageclass_0_9_mean,ageclass_10_19_mean,ageclass_20_29_mean,ageclass_30_39_mean,ageclass_40_49_mean,ageclass_50_59_mean,ageclass_60_69_mean,ageclass_70_79_mean,ageclass_80_89_mean,ageclass_90_99_mean,day
449263.7777777776,4408709.11111111,6189643.211111112,4484650.988888893,20851610.488888897,150987094.6666671,470048278.933331,1264668602.322222,1042042432.722226,25137697.433333296,23025.0,145886.0,191057.1,175690.1,334208.4,1138625.0,2282086.6,3235224.1,2558885.5,481890.9,0
449263.7777777776,4408709.11111111,6189643.211111112,4484650.988888893,20851610.488888897,150987094.6666671,470048278.933331,1264668602.322222,1042042432.722226,25137697.433333296,23025.0,145886.0,191057.1,175690.1,334208.4,1138625.0,2282086.6,3235224.1,2558885.5,481890.9,1
