ageclass_0_9_var,ageclass_10_19_var,ageclass_20_29_var,ageclass_30_39_var,ageclass_40_49_var,ageclass_50_59_var,ageclass_60_69_var,ageclass_70_79_var,ageclass_80_89_var,ageclass_90_99_var,ageclass_0_9_mean,ageclass_10_19_mean,ageclass_20_29_mean,ageclass_30_39_mean,ageclass_40_49_mean,ageclass_50_59_mean,ageclass_60_69_mean,ageclass_70_79_mean,ageclass_80_89_mean,ageclass_90_99_mean,day
1954626.0111111116,12862802.677777763,16742194.766666673,15953782.455555566,69708621.7333334,736477703.5999997,2663546822.9333353,4797649880.233337,2847734771.511108,115382928.94444442,25403.3,77790.7,99173.1,95482.7,161942.2,505391.4,986144.4,1374763.7,1101753.8,204723.5,0
1954626.0111111116,12862802.677777763,16742194.766666673,15953782.455555566,69708621.7333334,736477703.5999997,2663546822.9333353,4797649880.233337,2847734771.511108,115382928.94444442,25403.3,77790.7,99173.1,95482.7,161942.2,505391.4,986144.4,1374763.7,1101753.8,204723.5,1
