ageclass_0_9_var,ageclass_10_19_var,ageclass_20_29_var,ageclass_30_39_var,ageclass_40_49_var,ageclass_50_59_var,ageclass_60_69_var,ageclass_70_79_var,ageclass_80_89_var,ageclass_90_99_var,ageclass_0_9_mean,ageclass_10_19_mean,ageclass_20_29_mean,ageclass_30_39_mean,ageclass_40_49_mean,ageclass_50_59_mean,ageclass_60_69_mean,ageclass_70_79_mean,ageclass_80_89_mean,ageclass_90_99_mean,day
258662.94444444476,15901047.288888875,12631502.266666666,10313325.333333338,40163971.822222255,500493307.6555557,2561266420.6777782,5368852132.177778,3267352757.655555,101570426.26666668,23056.5,123633.2,161413.6,148663.0,278039.6,929298.1,1851044.3,2614478.2,2079422.9,393932.6,0
258662.94444444476,15901047.288888875,12631502.266666666,10313325.333333338,40163971.822222255,500493307.6555557,2561266420.6777782,5368852132.177778,3267352757.655555,101570426.26666668,23056.5,123633.2,161413.6,148663.0,278039.6,929298.1,1851044.3,2614478.2,2079422.9,393932.6,1
