ageclass_0_9_var,ageclass_10_19_var,ageclass_20_29_var,ageclass_30_39_var,ageclass_40_49_var,ageclass_50_59_var,ageclass_60_69_var,ageclass_70_79_var,ageclass_80_89_var,ageclass_90_99_var,ageclass_0_9_mean,ageclass_10_19_mean,ageclass_20_29_mean,ageclass_30_39_mean,ageclass_40_49_mean,ageclass_50_59_mean,ageclass_60_69_mean,ageclass_70_79_mean,ageclass_80_89_mean,ageclass_90_99_mean,day
405590.7666666667,10313100.099999996,12481202.67777777,12106563.166666662,42230031.87777781,491417344.5444443,1899302535.2888842,3721412751.1666675,2110234020.7222247,86959021.78888887,25374.1,99477.1,126430.3,119152.5,214088.1,694471.1,1379820.8,1934672.5,1540545.5,288094.7,0
405590.7666666667,10313100.099999996,12481202.67777777,12106563.166666662,42230031.87777781,491417344.5444443,1899302535.2888842,3721412751.1666675,2110234020.7222247,86959021.78888887,25374.1,99477.1,126430.3,119152.5,214088.1,694471.1,1379820.8,1934672.5,1540545.5,288094.7,1
