ageclass_0_9_var,ageclass_10_19_var,ageclass_20_29_var,ageclass_30_39_var,ageclass_40_49_var,ageclass_50_59_var,ageclass_60_69_var,ageclass_70_79_var,ageclass_80_89_var,ageclass_90_99_var,ageclass_0_9_mean,ageclass_10_19_mean,ageclass_20_29_mean,ageclass_30_39_mean,ageclass_40_49_mean,ageclass_50_59_mean,ageclass_60_69_mean,ageclass_70_79_mean,ageclass_80_89_mean,ageclass_90_99_mean,day
450807.38888888864,6281728.766666659,5709618.711111115,13588173.344444454,25004346.322222147,232394649.5999993,658415413.7888874,1133132142.6666636,934525393.4333336,40479516.39999995,21209.5,150197.1,193790.6,178207.3,344358.9,1171327.4,2352211.3,3327353.0,2639482.1,495472.8,0
450807.38888888864,6281728.766666659,5709618.711111115,13588173.344444454,25004346.322222147,232394649.5999993,658415413.7888874,1133132142.6666636,934525393.4333336,40479516.39999995,21209.5,150197.1,193790.6,178207.3,344358.9,1171327.4,2352211.3,3327353.0,2639482.1,495472.8,1
