ageclass_0_9_var,ageclass_10_19_var,ageclass_20_29_var,ageclass_30_39_var,ageclass_40_49_var,ageclass_50_59_var,ageclass_60_69_var,ageclass_70_79_var,ageclass_80_89_var,ageclass_90_99_var,ageclass_0_9_mean,ageclass_10_19_mean,ageclass_20_29_mean,ageclass_30_39_mean,ageclass_40_49_mean,ageclass_50_59_mean,ageclass_60_69_mean,ageclass_70_79_mean,ageclass_80_89_mean,ageclass_90_99_mean,day
1022034.2333333333,6888306.04444446,7494532.26666667,13549627.56666666,16385875.611111088,320678088.8444445,849535651.5666682,1882434075.0666666,1190120222.4444437,62080223.37777768,21724.3,143143.6,185425.4,172473.7,328501.5,1107538.8,2228272.7,3148826.2,2489661.0,470107.6,0
1022034.2333333333,6888306.04444446,7494532.26666667,13549627.56666666,16385875.611111088,320678088.8444445,849535651.5666682,1882434075.0666666,1190120222.4444437,62080223.37777768,21724.3,143143.6,185425.4,172473.7,328501.5,1107538.8,2228272.7,3148826.2,2489661.0,470107.6,1
