ageclass_0_9_var,ageclass_10_19_var,ageclass_20_29_var,ageclass_30_39_var,ageclass_40_49_var,ageclass_50_59_var,ageclass_60_69_var,ageclass_70_79_var,ageclass_80_89_var,ageclass_90_99_var,ageclass_0_9_mean,ageclass_10_19_mean,ageclass_20_29_mean,ageclass_30_39_mean,ageclass_40_49_mean,ageclass_50_59_mean,ageclass_60_69_mean,ageclass_70_79_mean,ageclass_80_89_mean,ageclass_90_99_mean,day
1446437.600000001,15654337.78888891,14448171.111111097,12555072.011111112,31532032.233333297,405212606.93333554,1516671370.622222,2458390165.377775,1661521439.9555528,56547606.399999954,24713.4,152973.7,197665.0,180338.7,346610.3,1168625.4,2349707.2,3318249.6,2628854.8,496157.2,0
1446437.600000001,15654337.78888891,14448171.111111097,12555072.011111112,31532032.233333297,405212606.93333554,1516671370.622222,2458390165.377775,1661521439.9555528,56547606.399999954,24713.4,152973.7,197665.0,180338.7,346610.3,1168625.4,2349707.2,3318249.6,2628854.8,496157.2,1
