Ageclass_0-9_var,Ageclass_10-19_var,Ageclass_20-29_var,Ageclass_30-39_var,Ageclass_40-49_var,Ageclass_50-59_var,Ageclass_60-69_var,Ageclass_70-79_var,Ageclass_80-89_var,Ageclass_90-99_var,Ageclass_0-9_mean,Ageclass_10-19_mean,Ageclass_20-29_mean,Ageclass_30-39_mean,Ageclass_40-49_mean,Ageclass_50-59_mean,Ageclass_60-69_mean,Ageclass_70-79_mean,Ageclass_80-89_mean,Ageclass_90-99_mean,day
581781.2888888892,9074536.711111119,16411252.944444481,9570711.555555476,21030044.044444468,147768978.98888898,341285156.6222224,918062282.2666659,598770299.5999992,23500937.82222217,23598.8,145198.4,188077.5,173494.0,330337.4,1114654.9,2235296.8,3158927.4,2504866.6,470919.6,1
