ageclass_0_9_var,ageclass_10_19_var,ageclass_20_29_var,ageclass_30_39_var,ageclass_40_49_var,ageclass_50_59_var,ageclass_60_69_var,ageclass_70_79_var,ageclass_80_89_var,ageclass_90_99_var,ageclass_0_9_mean,ageclass_10_19_mean,ageclass_20_29_mean,ageclass_30_39_mean,ageclass_40_49_mean,ageclass_50_59_mean,ageclass_60_69_mean,ageclass_70_79_mean,ageclass_80_89_mean,ageclass_90_99_mean,day
634334.4888888887,266742.9000000008,2102607.1222222243,1610809.7333333332,1299926.8444444442,1120994.3222222226,1624910.7111111118,365713.5111111111,591951.7777777776,12589.600000000008,29488.4,28422.7,36246.7,36371.2,34947.8,40648.9,32564.4,540.8,11848.0,2013.6,0
634334.4888888887,266742.9000000008,2102607.1222222243,1610809.7333333332,1299926.8444444442,1120994.3222222226,1624910.7111111118,365713.5111111111,591951.7777777776,12589.600000000008,29488.4,28422.7,36246.7,36371.2,34947.8,40648.9,32564.4,540.8,11848.0,2013.6,1
