Ageclass_0-9_var,Ageclass_10-19_var,Ageclass_20-29_var,Ageclass_30-39_var,Ageclass_40-49_var,Ageclass_50-59_var,Ageclass_60-69_var,Ageclass_70-79_var,Ageclass_80-89_var,Ageclass_90-99_var,Ageclass_0-9_mean,Ageclass_10-19_mean,Ageclass_20-29_mean,Ageclass_30-39_mean,Ageclass_40-49_mean,Ageclass_50-59_mean,Ageclass_60-69_mean,Ageclass_70-79_mean,Ageclass_80-89_mean,Ageclass_90-99_mean,day
873048.4888888883,3290158.2666666186,12818553.77777779,17509431.877777793,50041989.38888889,308441595.11111104,1162180484.4,2034779355.3333354,1558455906.0111108,58112477.73333337,22297.4,147112.6,191125.0,174372.9,336425.5,1136087.0,2280972.8,3227602.0,2554152.3,482518.2,1
