Ageclass_0-9_var,Ageclass_10-19_var,Ageclass_20-29_var,Ageclass_30-39_var,Ageclass_40-49_var,Ageclass_50-59_var,Ageclass_60-69_var,Ageclass_70-79_var,Ageclass_80-89_var,Ageclass_90-99_var,Ageclass_0-9_mean,Ageclass_10-19_mean,Ageclass_20-29_mean,Ageclass_30-39_mean,Ageclass_40-49_mean,Ageclass_50-59_mean,Ageclass_60-69_mean,Ageclass_70-79_mean,Ageclass_80-89_mean,Ageclass_90-99_mean,day
345355.2111111113,4930255.288888895,12779002.277777776,15314468.01111112,35189114.899999976,440704218.48888844,2921395842.9888906,5495288017.11111,3479844340.93333,128470359.56666678,26676.1,110076.2,143254.5,133739.3,243406.3,789210.4,1566385.9,2198913.0,1752882.6,329408.3,1
