Ageclass_0-9_var,Ageclass_10-19_var,Ageclass_20-29_var,Ageclass_30-39_var,Ageclass_40-49_var,Ageclass_50-59_var,Ageclass_60-69_var,Ageclass_70-79_var,Ageclass_80-89_var,Ageclass_90-99_var,Ageclass_0-9_mean,Ageclass_10-19_mean,Ageclass_20-29_mean,Ageclass_30-39_mean,Ageclass_40-49_mean,Ageclass_50-59_mean,Ageclass_60-69_mean,Ageclass_70-79_mean,Ageclass_80-89_mean,Ageclass_90-99_mean,day
1274702.9000000004,9637064.044444442,24848268.0,17004456.322222237,69964932.4888889,887717129.733333,3573834260.544445,7592192820.322222,4864179508.988889,152734669.15555558,28392.3,40399.6,50646.0,49590.1,62160.4,141218.2,240578.9,304480.9,253834.1,46280.6,1
