ageclass_0_9_var,ageclass_10_19_var,ageclass_20_29_var,ageclass_30_39_var,ageclass_40_49_var,ageclass_50_59_var,ageclass_60_69_var,ageclass_70_79_var,ageclass_80_89_var,ageclass_90_99_var,ageclass_0_9_mean,ageclass_10_19_mean,ageclass_20_29_mean,ageclass_30_39_mean,ageclass_40_49_mean,ageclass_50_59_mean,ageclass_60_69_mean,ageclass_70_79_mean,ageclass_80_89_mean,ageclass_90_99_mean,day
726651.7888888892,5389990.488888907,14879881.777777765,6852934.933333333,21445344.266666695,117324391.5555557,301480277.15555596,767678595.0666661,448090755.56666684,23767710.044444453,22378.7,131961.4,172142.0,159705.6,301790.4,1013554.0,2036247.4,2869137.8,2270022.7,430479.4,0
726651.7888888892,5389990.488888907,14879881.777777765,6852934.933333333,21445344.266666695,117324391.5555557,301480277.15555596,767678595.0666661,448090755.56666684,23767710.044444453,22378.7,131961.4,172142.0,159705.6,301790.4,1013554.0,2036247.4,2869137.8,2270022.7,430479.4,1
