ageclass_0_9_var,ageclass_10_19_var,ageclass_20_29_var,ageclass_30_39_var,ageclass_40_49_var,ageclass_50_59_var,ageclass_60_69_var,ageclass_70_79_var,ageclass_80_89_var,ageclass_90_99_var,ageclass_0_9_mean,ageclass_10_19_mean,ageclass_20_29_mean,ageclass_30_39_mean,ageclass_40_49_mean,ageclass_50_59_mean,ageclass_60_69_mean,ageclass_70_79_mean,ageclass_80_89_mean,ageclass_90_99_mean,day
1376476.499999999,3236223.377777775,23933098.277777806,2799021.122222228,19381881.733333375,146836272.32222164,683380804.9888898,1788014856.044448,684793475.9555538,65460031.06666671,21724.5,146546.6,192749.5,178643.3,343430.2,1159970.1,2333629.9,3300715.6,2616966.8,491561.2,0
1376476.499999999,3236223.377777775,23933098.277777806,2799021.122222228,19381881.733333375,146836272.32222164,683380804.9888898,1788014856.044448,684793475.9555538,65460031.06666671,21724.5,146546.6,192749.5,178643.3,343430.2,1159970.1,2333629.9,3300715.6,2616966.8,491561.2,1
