ageclass_0_9_var,ageclass_10_19_var,ageclass_20_29_var,ageclass_30_39_var,ageclass_40_49_var,ageclass_50_59_var,ageclass_60_69_var,ageclass_70_79_var,ageclass_80_89_var,ageclass_90_99_var,ageclass_0_9_mean,ageclass_10_19_mean,ageclass_20_29_mean,ageclass_30_39_mean,ageclass_40_49_mean,ageclass_50_59_mean,ageclass_60_69_mean,ageclass_70_79_mean,ageclass_80_89_mean,ageclass_90_99_mean,day
508822.7111111113,9571438.48888893,4268578.766666665,13774821.288888894,27544689.600000028,248487484.76666677,587543596.0444453,1390029586.7666674,602255122.9333333,47621786.98888889,22744.4,153917.4,197494.9,181385.2,350793.6,1189107.9,2392682.4,3382865.1,2671424.4,504552.1,0
508822.7111111113,9571438.48888893,4268578.766666665,13774821.288888894,27544689.600000028,248487484.76666677,587543596.0444453,1390029586.7666674,602255122.9333333,47621786.98888889,22744.4,153917.4,197494.9,181385.2,350793.6,1189107.9,2392682.4,3382865.1,2671424.4,504552.1,1
