Ageclass_0-9_var,Ageclass_10-19_var,Ageclass_20-29_var,Ageclass_30-39_var,Ageclass_40-49_var,Ageclass_50-59_var,Ageclass_60-69_var,Ageclass_70-79_var,Ageclass_80-89_var,Ageclass_90-99_var,Ageclass_0-9_mean,Ageclass_10-19_mean,Ageclass_20-29_mean,Ageclass_30-39_mean,Ageclass_40-49_mean,Ageclass_50-59_mean,Ageclass_60-69_mean,Ageclass_70-79_mean,Ageclass_80-89_mean,Ageclass_90-99_mean,day
1603144.000000001,5843103.288888886,11090799.822222212,14480738.76666666,49066946.05555561,378659105.6000003,1417426449.8777797,2847493622.766666,1899887699.3444428,71575826.93333326,21588.0,152418.8,197851.4,181508.1,348434.5,1183594.4,2382895.1,3369253.1,2664994.7,502739.4,1
