ageclass_0_9_var,ageclass_10_19_var,ageclass_20_29_var,ageclass_30_39_var,ageclass_40_49_var,ageclass_50_59_var,ageclass_60_69_var,ageclass_70_79_var,ageclass_80_89_var,ageclass_90_99_var,ageclass_0_9_mean,ageclass_10_19_mean,ageclass_20_29_mean,ageclass_30_39_mean,ageclass_40_49_mean,ageclass_50_59_mean,ageclass_60_69_mean,ageclass_70_79_mean,ageclass_80_89_mean,ageclass_90_99_mean,day
1157560.0444444455,4625644.76666668,5452071.788888913,8499555.600000003,21454936.40000003,50160832.622222394,77147216.44444422,280561849.433333,138451281.822222,29550230.54444438,22839.6,143988.9,185517.7,172068.4,331377.8,1121129.2,2251272.0,3185275.1,2519617.4,475220.9,0
1157560.0444444455,4625644.76666668,5452071.788888913,8499555.600000003,21454936.40000003,50160832.622222394,77147216.44444422,280561849.433333,138451281.822222,29550230.54444438,22839.6,143988.9,185517.7,172068.4,331377.8,1121129.2,2251272.0,3185275.1,2519617.4,475220.9,1
