ageclass_0_9_var,ageclass_10_19_var,ageclass_20_29_var,ageclass_30_39_var,ageclass_40_49_var,ageclass_50_59_var,ageclass_60_69_var,ageclass_70_79_var,ageclass_80_89_var,ageclass_90_99_var,ageclass_0_9_mean,ageclass_10_19_mean,ageclass_20_29_mean,ageclass_30_39_mean,ageclass_40_49_mean,ageclass_50_59_mean,ageclass_60_69_mean,ageclass_70_79_mean,ageclass_80_89_mean,ageclass_90_99_mean,day
873977.7888888889,7327864.099999993,10755799.155555554,14887966.677777749,47007495.06666661,286325066.71111023,987665505.377779,2997141782.1777744,1574196487.77778,81302696.84444454,21363.7,138578.1,179885.4,166903.3,318354.8,1073832.4,2152566.6,3047836.8,2413086.0,455715.2,0
873977.7888888889,7327864.099999993,10755799.155555554,14887966.677777749,47007495.06666661,286325066.71111023,987665505.377779,2997141782.1777744,1574196487.77778,81302696.84444454,21363.7,138578.1,179885.4,166903.3,318354.8,1073832.4,2152566.6,3047836.8,2413086.0,455715.2,1
