ageclass_0_9_var,ageclass_10_19_var,ageclass_20_29_var,ageclass_30_39_var,ageclass_40_49_var,ageclass_50_59_var,ageclass_60_69_var,ageclass_70_79_var,ageclass_80_89_var,ageclass_90_99_var,ageclass_0_9_mean,ageclass_10_19_mean,ageclass_20_29_mean,ageclass_30_39_mean,ageclass_40_49_mean,ageclass_50_59_mean,ageclass_60_69_mean,ageclass_70_79_mean,ageclass_80_89_mean,ageclass_90_99_mean,day
485163.55555555556,5780817.566666666,14184056.766666686,13031837.877777793,40731055.28888887,227301704.0111117,1350839803.122222,2718815927.333338,1541891347.6555533,46982523.38888891,23010.0,140649.7,181022.1,167665.1,316174.2,1065414.7,2128691.3,3012596.0,2389159.9,450130.5,0
485163.55555555556,5780817.566666666,14184056.766666686,13031837.877777793,40731055.28888887,227301704.0111117,1350839803.122222,2718815927.333338,1541891347.6555533,46982523.38888891,23010.0,140649.7,181022.1,167665.1,316174.2,1065414.7,2128691.3,3012596.0,2389159.9,450130.5,1
