Ageclass_0-9_var,Ageclass_10-19_var,Ageclass_20-29_var,Ageclass_30-39_var,Ageclass_40-49_var,Ageclass_50-59_var,Ageclass_60-69_var,Ageclass_70-79_var,Ageclass_80-89_var,Ageclass_90-99_var,Ageclass_0-9_mean,Ageclass_10-19_mean,Ageclass_20-29_mean,Ageclass_30-39_mean,Ageclass_40-49_mean,Ageclass_50-59_mean,Ageclass_60-69_mean,Ageclass_70-79_mean,Ageclass_80-89_mean,Ageclass_90-99_mean,day
1447893.1555555554,2173482.7111111116,4407358.233333326,4551410.944444448,34692067.777778074,145281418.9888885,512831082.8444452,679194044.3222235,620945682.5000012,11649866.277777761,24767.4,138924.4,180016.3,165782.5,315854.0,1053551.9,2113981.2,2988262.9,2372750.5,447519.5,1
