ageclass_0_9_var,ageclass_10_19_var,ageclass_20_29_var,ageclass_30_39_var,ageclass_40_49_var,ageclass_50_59_var,ageclass_60_69_var,ageclass_70_79_var,ageclass_80_89_var,ageclass_90_99_var,ageclass_0_9_mean,ageclass_10_19_mean,ageclass_20_29_mean,ageclass_30_39_mean,ageclass_40_49_mean,ageclass_50_59_mean,ageclass_60_69_mean,ageclass_70_79_mean,ageclass_80_89_mean,ageclass_90_99_mean,day
973109.3888888885,3830937.95555556,7827093.655555544,7792798.222222214,19932929.155555505,185665140.94444448,827387657.3777766,1432280456.0110912,587109420.0000002,29988278.177777503,20985.5,128419.8,166561.9,153970.0,291855.4,980065.5,1963340.4,2773578.3,2202583.0,415251.2,0
973109.3888888885,3830937.95555556,7827093.655555544,7792798.222222214,19932929.155555505,185665140.94444448,827387657.3777766,1432280456.0110912,587109420.0000002,29988278.177777503,20985.5,128419.8,166561.9,153970.0,291855.4,980065.5,1963340.4,2773578.3,2202583.0,415251.2,1
