ageclass_0_9_var,ageclass_10_19_var,ageclass_20_29_var,ageclass_30_39_var,ageclass_40_49_var,ageclass_50_59_var,ageclass_60_69_var,ageclass_70_79_var,ageclass_80_89_var,ageclass_90_99_var,ageclass_0_9_mean,ageclass_10_19_mean,ageclass_20_29_mean,ageclass_30_39_mean,ageclass_40_49_mean,ageclass_50_59_mean,ageclass_60_69_mean,ageclass_70_79_mean,ageclass_80_89_mean,ageclass_90_99_mean,day
352904.2333333332,10481988.177777756,5400694.711111097,4438392.455555549,15602454.677777776,186129893.61111122,459974937.7333355,708327768.1777768,229362104.6666609,17998766.988889113,23072.3,145232.8,187965.6,173376.3,330835.3,1112444.5,2236481.8,3161699.8,2505960.0,473447.1,0
352904.2333333332,10481988.177777756,5400694.711111097,4438392.455555549,15602454.677777776,186129893.61111122,459974937.7333355,708327768.1777768,229362104.6666609,17998766.988889113,23072.3,145232.8,187965.6,173376.3,330835.3,1112444.5,2236481.8,3161699.8,2505960.0,473447.1,1
