Ageclass_0-9_var,Ageclass_10-19_var,Ageclass_20-29_var,Ageclass_30-39_var,Ageclass_40-49_var,Ageclass_50-59_var,Ageclass_60-69_var,Ageclass_70-79_var,Ageclass_80-89_var,Ageclass_90-99_var,Ageclass_0-9_mean,Ageclass_10-19_mean,Ageclass_20-29_mean,Ageclass_30-39_mean,Ageclass_40-49_mean,Ageclass_50-59_mean,Ageclass_60-69_mean,Ageclass_70-79_mean,Ageclass_80-89_mean,Ageclass_90-99_mean,day
1032032.0111111109,6951974.222222223,4850092.944444446,4651721.822222208,15679241.599999947,63709832.54444514,568212023.28889,472390378.0111124,291032544.26666737,18158817.288888775,22704.7,153616.0,199128.5,180958.4,353179.4,1200772.9,2413058.2,3409779.7,2699084.6,508706.2,1
