ageclass_0_9_var,ageclass_10_19_var,ageclass_20_29_var,ageclass_30_39_var,ageclass_40_49_var,ageclass_50_59_var,ageclass_60_69_var,ageclass_70_79_var,ageclass_80_89_var,ageclass_90_99_var,ageclass_0_9_mean,ageclass_10_19_mean,ageclass_20_29_mean,ageclass_30_39_mean,ageclass_40_49_mean,ageclass_50_59_mean,ageclass_60_69_mean,ageclass_70_79_mean,ageclass_80_89_mean,ageclass_90_99_mean,day
547442.2333333329,6624025.833333341,12219671.11111109,10868055.15555556,68223722.48888887,598501868.1777769,2302613670.1777782,4843192467.155552,2933370833.6555576,126712917.7777777,23398.3,77286.5,98580.0,94146.6,163907.6,517615.2,1023996.8,1427994.6,1137389.1,212339.0,0
547442.2333333329,6624025.833333341,12219671.11111109,10868055.15555556,68223722.48888887,598501868.1777769,2302613670.1777782,4843192467.155552,2933370833.6555576,126712917.7777777,23398.3,77286.5,98580.0,94146.6,163907.6,517615.2,1023996.8,1427994.6,1137389.1,212339.0,1
