Ageclass_0-9_var,Ageclass_10-19_var,Ageclass_20-29_var,Ageclass_30-39_var,Ageclass_40-49_var,Ageclass_50-59_var,Ageclass_60-69_var,Ageclass_70-79_var,Ageclass_80-89_var,Ageclass_90-99_var,Ageclass_0-9_mean,Ageclass_10-19_mean,Ageclass_20-29_mean,Ageclass_30-39_mean,Ageclass_40-49_mean,Ageclass_50-59_mean,Ageclass_60-69_mean,Ageclass_70-79_mean,Ageclass_80-89_mean,Ageclass_90-99_mean,day
984674.9888888887,21712717.377777763,46787991.21111109,31363709.788888905,101515007.73333341,1496371676.322222,5476515843.566669,10188374577.111132,6954961281.8777685,269144793.0666668,24015.9,103379.4,132676.9,125507.3,224907.8,733692.1,1455814.3,2046306.0,1627658.9,306148.8,1
