Ageclass_0-9_var,Ageclass_10-19_var,Ageclass_20-29_var,Ageclass_30-39_var,Ageclass_40-49_var,Ageclass_50-59_var,Ageclass_60-69_var,Ageclass_70-79_var,Ageclass_80-89_var,Ageclass_90-99_var,Ageclass_0-9_mean,Ageclass_10-19_mean,Ageclass_20-29_mean,Ageclass_30-39_mean,Ageclass_40-49_mean,Ageclass_50-59_mean,Ageclass_60-69_mean,Ageclass_70-79_mean,Ageclass_80-89_mean,Ageclass_90-99_mean,day
259706.93333333317,4409513.955555548,2490897.333333338,6221996.26666666,32484620.544444356,198764454.84444463,1142839977.877779,1643915144.1,917406177.0666672,30223303.777777776,20654.4,152011.2,197083.0,179418.4,348235.9,1192110.2,2394637.1,3386363.1,2681184.2,506363.0,1
