Ageclass_0-9_var,Ageclass_10-19_var,Ageclass_20-29_var,Ageclass_30-39_var,Ageclass_40-49_var,Ageclass_50-59_var,Ageclass_60-69_var,Ageclass_70-79_var,Ageclass_80-89_var,Ageclass_90-99_var,Ageclass_0-9_mean,Ageclass_10-19_mean,Ageclass_20-29_mean,Ageclass_30-39_mean,Ageclass_40-49_mean,Ageclass_50-59_mean,Ageclass_60-69_mean,Ageclass_70-79_mean,Ageclass_80-89_mean,Ageclass_90-99_mean,day
412566.54444444453,9683438.844444457,9137276.177777788,21239442.677777793,38853345.34444452,356849342.54444337,980471956.4444395,2037042314.4444385,1085827820.4000032,40127452.266666636,23931.1,155440.2,199207.2,183706.7,351417.7,1190100.9,2387467.0,3374529.0,2674634.2,503850.4,1
