Ageclass_0-9_var,Ageclass_10-19_var,Ageclass_20-29_var,Ageclass_30-39_var,Ageclass_40-49_var,Ageclass_50-59_var,Ageclass_60-69_var,Ageclass_70-79_var,Ageclass_80-89_var,Ageclass_90-99_var,Ageclass_0-9_mean,Ageclass_10-19_mean,Ageclass_20-29_mean,Ageclass_30-39_mean,Ageclass_40-49_mean,Ageclass_50-59_mean,Ageclass_60-69_mean,Ageclass_70-79_mean,Ageclass_80-89_mean,Ageclass_90-99_mean,day
610297.1111111108,10740587.288888909,6981808.844444435,4581620.488888881,10178035.511111058,213915471.51111057,503037983.28888583,1278914572.2333322,358507849.51111114,37005804.666666634,23165.0,149236.2,194180.2,179713.6,341839.8,1158091.8,2329221.2,3291745.7,2608506.8,492241.0,1
