ageclass_0_9_var,ageclass_10_19_var,ageclass_20_29_var,ageclass_30_39_var,ageclass_40_49_var,ageclass_50_59_var,ageclass_60_69_var,ageclass_70_79_var,ageclass_80_89_var,ageclass_90_99_var,ageclass_0_9_mean,ageclass_10_19_mean,ageclass_20_29_mean,ageclass_30_39_mean,ageclass_40_49_mean,ageclass_50_59_mean,ageclass_60_69_mean,ageclass_70_79_mean,ageclass_80_89_mean,ageclass_90_99_mean,day
1897536.7222222243,9323237.377777783,6753414.933333349,5612392.266666662,63943930.26666669,266462565.9555557,638316245.1666677,1807790331.377771,1455401135.599994,58504250.2666667,20597.5,145499.4,188231.6,173974.6,335334.6,1138930.2,2293137.5,3244631.6,2567537.6,484150.6,0
1897536.7222222243,9323237.377777783,6753414.933333349,5612392.266666662,63943930.26666669,266462565.9555557,638316245.1666677,1807790331.377771,1455401135.599994,58504250.2666667,20597.5,145499.4,188231.6,173974.6,335334.6,1138930.2,2293137.5,3244631.6,2567537.6,484150.6,1
