ageclass_0_9_var,ageclass_10_19_var,ageclass_20_29_var,ageclass_30_39_var,ageclass_40_49_var,ageclass_50_59_var,ageclass_60_69_var,ageclass_70_79_var,ageclass_80_89_var,ageclass_90_99_var,ageclass_0_9_mean,ageclass_10_19_mean,ageclass_20_29_mean,ageclass_30_39_mean,ageclass_40_49_mean,ageclass_50_59_mean,ageclass_60_69_mean,ageclass_70_79_mean,ageclass_80_89_mean,ageclass_90_99_mean,day
682600.3222222225,7652361.822222226,8658909.122222207,2390806.233333328,13768926.933333304,234070762.94444466,977140666.9333314,1219536178.5444424,771767488.4000076,27571322.766666666,21849.9,153891.6,201366.7,185139.3,357188.6,1211819.5,2439502.4,3446480.9,2735478.2,515832.1,0
682600.3222222225,7652361.822222226,8658909.122222207,2390806.233333328,13768926.933333304,234070762.94444466,977140666.9333314,1219536178.5444424,771767488.4000076,27571322.766666666,21849.9,153891.6,201366.7,185139.3,357188.6,1211819.5,2439502.4,3446480.9,2735478.2,515832.1,1
